<?xml version="1.0" encoding="UTF-8" standalone="yes"?>
<addon id="plugin.video.Toronto-Channels" name="Toronto-Channels" version="1.7.1" provider-name="Twilight0">
    <requires>
        <import addon="xbmc.python" version="2.1.0"/>
        <import addon="script.module.pil" version="1.1.7"/>
        <import addon="service.banners.mod" version="1.9.1"/>
        <import addon="plugin.video.youtube" version="5.4.5"/>
    </requires>
    <extension point="xbmc.python.pluginsource" library="addon.py">
        <provides>video audio image</provides>
    </extension>
    <extension point="xbmc.addon.metadata">
        <platform>all</platform>
        <summary lang="en">Toronto Channels addon</summary>
        <description lang="en">This addon offers live streaming content mainly in Greek language</description>
        <summary lang="el">Πρόσθετο Toronto Channels</summary>
        <description lang="el">Το πρόσθετο αυτό παρέχει ζωντανό περιεχόμενο κυρίως εις την Ελληνική γλώσσα</description>
        <license>GNU General Public License, v2</license>
        <news>
1.7.1 (10-01-2018)
- Applied settings to banners service in order to display correctly
- Converted netv2 logo to indexed and minor resize to them both logos
        </news>
        <website>http://netvtoronto.com/</website>
    </extension>
</addon>
