<?xml version="1.0" encoding="UTF-8" standalone="yes"?>
<addon id="plugin.program.pair_tool" name="Pairing Tool" version="1.0.0" provider-name="Twilight0">
    <requires>
        <import addon="xbmc.python" version="2.24.0"/>
        <import addon="script.module.tulip" version="1.4.0"/>
    </requires>
    <extension point="xbmc.python.pluginsource" library="addon.py">
        <provides>executable</provides>
    </extension>
    <extension point="xbmc.addon.metadata">
        <platform>all</platform>
        <summary lang="en_GB">Pairing Tool</summary>
        <description lang="en_GB">Pairing Tool allows you to pair your IP with popular web hosting platforms</description>
        <summary lang="en_GB">Εργαλείο ζεύξης</summary>
        <description lang="en_GB">Το Pairing Tool (εργαλείο ζεύξης) σας δίνει δυνατότητα να επιτρέψετε την σύζευξη της διεύθυνσης IP σας με διαφόρους δημοφιλής εξυπηρετητές ιστού</description>
    </extension>
</addon>
