﻿<?xml version="1.0" encoding="UTF-8" standalone="yes"?>
<addon id="plugin.video.vice" version="1.3.0" name="Vice" provider-name="Twilight0">
	<requires>
		<import addon="xbmc.python" version="2.24.0" />
		<import addon="script.module.tulip" version="1.3.2" />
		<import addon="plugin.video.youtube" version="5.4.0" optional="true" />
	</requires>
	<extension point="xbmc.python.pluginsource" library="addon.py">
		<provides>video</provides>
	</extension>
	<extension point="xbmc.addon.metadata">
		<summary lang="en">Vice addon for Kodi</summary>
		<description lang="en">Vice changes the way people think about culture, crime, technology, art, sex, music, fashion, sports, and more.[CR]Available countries: Australia, Austria, Belgium, Brazil, Canada, Czech Republic, Colombia, Denmark, France, Germany, Greece, Italy, Mexico, Netherlands, Poland, Portugal, Romania, Russia, Serbia, Spain, Sweden, United Kingdom and United States</description>
		<disclaimer lang="en">This addon is not published nor endorsed by vice.com</disclaimer>
		<license>GNU GENERAL PUBLIC LICENSE. Version 3, 29 June 2007</license>
		<source>https://github.com/Twilight0/plugin.video.vice</source>
		<website>http://www.vice.com/</website>
		<!--<forum></forum>-->
		<broken>It desperately needs an overhaul</broken>
		<news>
[B]1.3.0[/B]
- Several fixes implemented

[B]1.2.2[/B]
- Minor tweaks

[B]1.2.1[/B]
- Rebased to utilize tulip libraries

[B]1.2.0[/B]
- Fixed all sections (web site change)
- Added VICE on HBO on main menu
- Added new add-on screenshots

[B]1.1.1[/B]
- Fixed issue with regional videos
- Fixed issue with UK/USA shows
- Added support for more videos (uplynk)

[B]1.1.0[/B]
- Added localization of videos
- Added subtitle support

[B]1.0.0[/B]
- Initial version
		</news>
		<assets>
			<icon>icon.png</icon>
			<fanart>fanart.jpg</fanart>
			<screenshot>resources/screenshots/screenshot-01.jpg</screenshot>
			<screenshot>resources/screenshots/screenshot-02.jpg</screenshot>
			<screenshot>resources/screenshots/screenshot-03.jpg</screenshot>
		</assets>
		<!--<email>dtoumbourou@gmail.com</email>-->
		<platform>all</platform>
		<!--<language></language>-->
	</extension>
</addon>
