﻿<?xml version="1.0" encoding="UTF-8" standalone="yes"?>
<addon id="plugin.video.ert.gr" version="1.3.2" name="ERT Player" provider-name="Twilight0">
	<requires>
		<import addon="xbmc.python" version="2.24.0" />
		<import addon="script.module.tulip" version="1.2.2" />
		<import addon="plugin.video.youtube" version="5.4.0" />
	</requires>
	<extension point="xbmc.python.pluginsource" library="addon.py">
		<provides>video audio</provides>
	</extension>
	<extension point="xbmc.addon.metadata">
		<summary lang="en">ERT Player addon for Kodi</summary>
		<description lang="en">ERT live and on-demand broadcasts</description>
		<description lang="el">Ζωνταντές και on demand υπηρεσίες της ΕΡΤ</description>
		<disclaimer lang="en">This addon offers content available in Greece and is not published nor endorsed by ert.gr</disclaimer>
		<disclaimer lang="el">Το πρόσθετο αυτό προσφέρει περιεχόμενο διαθέσιμο στην Ελλάδα και δεν έχει δημοσιευθεί ούτε εγκριθεί από το ert.gr</disclaimer>
		<license>GNU GENERAL PUBLIC LICENSE. Version 3, 29 June 2007</license>
		<source>https://github.com/Twilight0/plugin.video.ert.gr</source>
		<website>http://www.ert.gr/</website>
		<news>
[B]1.3.2[/B]
- Fixed a few links for videos categories

[B]1.3.1[/B]
- Minor tweak in radios indexer when behaving as music addon
- Changed logos for live tv stations
- Added fanart in live tv channels similar to ert's web site
- Tweaked live resolvers with new geoloc provider

[B]1.3.0[/B]
- Fix for live resolvers (both internal &amp; youtube's)
- Fixed some indexers' links

[B]1.2.6[/B]
- Minor tweak in indexer for main radio stations

[B]1.2.5[/B]
- Various tweaks here &amp; there
- Tweaked live resolver

[B]1.2.4[/B]
- Minor tweak in main indexer
- Minor code cosmetics

[B]1.2.3[/B]
- Re-work on main radio streams' resolvers

[B]1.2.2[/B]
- Rework of web tv urls
- Clear cache function (root context menu only)
- Added ability to bookmark radio stations

[B]1.2.1[/B]
- Added audio content type parameter
- Implemented corresponding code accordingly

[B]1.2.0[/B]
- New artwork
- Added ERT Play
- Added radio stations
- Code cosmetics

[B]1.1.1[/B]
- Reworked to utilized tulip libraries

[B]1.1.0[/B]
- Re-work of main menu
- Fixed issue with geoblocked videos (failed everywhere)
- Added new artwork and screenshots

[B]1.0.2[/B]
- Tweaked ERT live channels
- Code cosmetics

[B]1.0.1[/B]
- Tweaked ERT live channels
- Code cosmetics

[B]1.0.0[/B]
- Initial version
		</news>
		<assets>
			<icon>icon.png</icon>
			<fanart>fanart.jpg</fanart>
		</assets>
		<platform>all</platform>
		<language>el</language>
		<!--<forum></forum>-->
	</extension>
</addon>