<?xml version="1.0" encoding="UTF-8" standalone="yes"?>
<addon id="plugin.video.Toronto-Channels" name="Toronto-Channels" version="1.6.1" provider-name="Twilight0">
    <requires>
        <import addon="xbmc.python" version="2.1.0"/>
    </requires>
    <extension point="xbmc.python.pluginsource" library="addon.py">
        <provides>video audio image</provides>
    </extension>
    <extension point="xbmc.addon.metadata">
        <platform>all</platform>
        <summary lang="en">Toronto Channels addon</summary>
        <description lang="en">This addon offers live streaming content mainly in Greek language</description>
        <summary lang="el">Πρόσθετο Toronto Channels</summary>
        <description lang="el">Το πρόσθετο αυτό παρέχει ζωντανό περιεχόμενο κυρίως εις την Ελληνική γλώσσα</description>
        <license>GNU General Public License, v2</license>
        <news>
1.6.1 (15-12-2017)
- Url corrected for thumbs on mags index

1.6.0 (13-12-2017)
- Added Cannadian Web Radio
- Launching as radio addon now lets you choose radio stream

1.5.8 (11-12-2017)
- Changed HLS default preference to true
- Changed NETV2 Docs default preference to true and reversed boolean conditional

1.5.7 (27-11-2017)
- Utilized different method for playing documentaries

1.5.6 (24-11-2017)
- Changed naming scheme of magazines' filenames (hopefully to fix thumbnails' creation issues)
- Cosmetics

1.5.5 (16-11-2017)
- i18n strings fixation
- Auto load of latest thumbnail for magazine cover

1.5.4 (16-11-2017)
- Magazine cover is now loaded from remote source

1.5.3 (12-11-2017)
- Added random documentaries playback in place of NETV2 Toronto (temporarily)

1.5.2 (09-11-2017)
- Translation strings clarification for mouse keys actions

1.5.1 (08-11-2017)
- Added ability to change images with mouse buttons
- Voice Life &amp; Style for mags viewing now opens up the addon in pictures mode
- Made Jarvis+ compatible (due to multi-select dialod)
- Cosmetics

1.5.0 (28-10-2017)
- Added magazines index and slideshow display for them
- Added youtube channel

1.4.0 (15-10-2017)
- Re-route to play audio stream directly when selected as music addon
- Added image parameter for future use of pictures for digital magazine

1.3.2 (15-08-2017)
- Updated EUGO24 url

1.3.1 (28-07-2017)
- Fix for LIFE HD url
- Fix for listitem conflicts

1.3.0 (27-07-2017)
- New stream Eugo24
- IPTV simple client list is now remotely hosted
- Tweaked icons for transparency
- Various other tweaks &amp; cosmetics

1.2.0 (17-07-2017)
- New stream ~ Netv Toronto 2
- Various tweaks
- Auto activate iptv simple client on setup
- Added option for HLS (alternative) streams
- Deprecated LIFE HD stream

1.1.0 (24-03-2017)
- Added Life HD Network
- Added Greek Translation
- Added IPTV Simple Client setup function
- Code cosmetics
- Removed Auto-View

1.0.9 (04-02-2017)
- Fixed Radio's title

1.0.8 (05-12-2016)
- New fanart
- Code cosmetics
        </news>
        <website>http://netvtoronto.com/</website>
    </extension>
</addon>
