﻿<?xml version="1.0" encoding="UTF-8" standalone="yes"?>
<addon id="plugin.video.ert.gr" version="4.0.5" name="ERTflix" provider-name="Twilight0">
    <requires>
        <import addon="xbmc.addon" version="16.1.000"/>
        <import addon="script.module.tulip" version="2.9.10" />
        <import addon="plugin.video.youtube" version="6.8.18"/>
    </requires>
    <extension point="xbmc.python.pluginsource" library="router.py">
        <provides>video audio</provides>
    </extension>
    <extension point="kodi.context.item">
        <menu id="kodi.core.main">
            <item library="resources/lib/youtube_bookmark.py">
                <label>30006</label>
                <visible>
                    String.StartsWith(Container.FolderPath,plugin://plugin.video.youtube/channel/UC0jVU-mK53vDQZcSZB5mVHg/) +
                    !String.Contains(ListItem.Art(thumb),resources/media) +
                    !String.Contains(ListItem.FolderPath,page_token)
                </visible>
            </item>
        </menu>
    </extension>
    <extension point="xbmc.addon.metadata">
        <platform>all</platform>
        <reuselanguageinvoker>true</reuselanguageinvoker>
        <language>en el</language>
        <summary lang="en_GB">ERTflix addon for Kodi</summary>
        <summary lang="el_GR">Πρόσθετο ERTflix για το Kodi</summary>
        <description lang="en_GB">ERT live and on-demand broadcasts</description>
        <description lang="el_GR">Ζωντανές και on demand υπηρεσίες της ΕΡΤ</description>
        <disclaimer lang="en_GB">This addon offers content available in Greece and is not published nor endorsed by ert.gr</disclaimer>
        <disclaimer lang="el_GR">Το πρόσθετο αυτό προσφέρει περιεχόμενο διαθέσιμο στην Ελλάδα και δεν έχει δημοσιευθεί ούτε εγκριθεί από το ert.gr</disclaimer>
        <license>GPL-3.0-only</license>
        <source>https://github.com/Twilight0/plugin.video.ert.gr</source>
        <size>1153434</size>
        <website>https://www.ertflix.gr/</website>
        <news>[B]4.0.X[/B]
- Reworked addon for new website design, with API usage (when necessary)
- Reworked index from another source
- Rework routing scheme with url dispatcher
- Remove service module, no longer needed
- Added zeppelin radio station
- Bug fixes

[B]3.5.1[/B]
- Various fixes

[B]3.5.0[/B]
- Mitigate live resolver
- New YT API key</news>
        <assets>
            <icon>icon.png</icon>
            <fanart>fanart.jpg</fanart>
        </assets>
        <!--<forum></forum>-->
    </extension>
</addon>