<?xml version="1.0" encoding="UTF-8" standalone="yes"?>
<addon id="plugin.video.greekvoice" name="Greek Voice" version="3.1.2" provider-name="Twilight0">
    <requires>
        <import addon="xbmc.addon" version="16.1.000"/>
        <import addon="resource.images.greekvoice.artwork"/>
        <import addon="plugin.video.youtube" version="6.8.9"/>
        <import addon="script.module.tulip" version="2.9.10"/>
    </requires>
    <extension point="xbmc.python.pluginsource" library="addon.py">
        <provides>video</provides>
    </extension>
    <extension point="xbmc.addon.metadata">
        <platform>all</platform>
        <summary lang="en_GB">Greek Voice Live addon</summary>
        <description lang="en_GB">This addon offers live streaming content from the WPSO website</description>
        <summary lang="el_GR">Πρόσθετο Greek Voice Live, ζωντανή Ελληνική φωνή</summary>
        <description lang="el_GR">Το πρόσθετο αυτό προσφέρει ζωντανές ροές από το site WPSO</description>
        <license>GPL-3.0-only</license>
        <website>http://wpso.com/</website>
        <email>angelo@greekvoice.us</email>
        <news>[B]3.1.1 (14-Jan-2022)[/B]
- Bug fixes
- Change youtube ID
- Remove WZRA KIDS 2

[B]3.1.0 (04-Mar-2021)[/B]
- Replaced artwork from "module" to a resource one

[B]3.0.1 (29-Nov-2020)[/B]
- Updated youtube api keys

[B]3.0.0 (20-Jul-2020)[/B]
- Reworked addon for Python 3
- Removed youtube setup function &amp; added private api keys
- Bumped dependencies' versions</news>
        <assets>
            <icon>icon.png</icon>
            <fanart>fanart.jpg</fanart>
        </assets>
    </extension>
</addon>
