<?xml version="1.0" encoding="UTF-8" standalone="yes"?>
<addon id="plugin.video.pro-kolgotki" name="Pro Kolgotki" version="2.1.0" provider-name="Twilight0">
    <requires>
        <import addon="xbmc.python" version="2.24.0"/>
        <import addon="plugin.video.youtube" version="5.4.0"/>
        <import addon="script.module.tulip" version="1.3.4"/>
    </requires>
    <extension point="xbmc.python.pluginsource" library="addon.py">
        <provides>video image</provides>
    </extension>
    <extension point="xbmc.addon.metadata">
        <platform>all</platform>
        <summary lang="en">Pro Kolgotki addon</summary>
        <description lang="en">This addon may contain videos that are suitable to adults! Please proceed only if you 're over 18 years old</description>
        <summary lang="el">Πρόσθετο Pro Kolgotki</summary>
        <description lang="el">Το πρόσθετο αυτό ενδέχεται να περιέχει βίντεο που είναι κατάλληλα μόνο για ενήλικες. Προχωρήστε μόνο αν είστε άνω των 18 ετών</description>
        <license>GNU GPL, version 2 or later</license>
        <size>133900</size>
        <website>http://pro-kolgotki.com/</website>
        <source>https://github.com/Twilight0/plugin.video.pro-kolgotki</source>
    </extension>
    <news>
16-12-2017 - [B]2.1.0[/B]
- Utilised tulip libraries instead of local
- Removed Jenny Smith's channel (recently she uploads content completely irrelevant to addon's theme)

04-09-2017 - [B]2.0.3[/B]
- Removed Maria Corazon's channel, she removed all of her content
- Added two more channels in 3rd party section
- Fixed a translation string
- Added youtube keys setup function
- Reordered settings items

03-09-2017 - [B]2.0.2[/B]
- Simplified adult warning behaviour

02-09-2017 - [B]2.0.1[/B]
- Added boolean for allowing user to not disable first time warning
- Minor fix in main indexer

01-09-2017 - [B]2.0.0[/B]
- Reinstated version of the original
    </news>
</addon>
