<?xml version="1.0" encoding="UTF-8" standalone="yes"?>
<addon id="plugin.video.pro-kolgotki" name="Pro Kolgotki" version="2.0.1" provider-name="Twilight0">
    <requires>
        <import addon="xbmc.python" version="2.20.0"/>
        <import addon="plugin.video.youtube" version="5.4.0"/>
    </requires>
    <extension point="xbmc.python.pluginsource" library="addon.py">
        <provides>video</provides>
    </extension>
    <extension point="xbmc.addon.metadata">
        <platform>all</platform>
        <summary lang="en">Pro Kolgotki addon</summary>
        <description lang="en">This addon may contain videos that are suitable to adults! Please proceed only if you 're over 18 years old</description>
        <summary lang="el">Πρόσθετο Pro Kolgotki</summary>
        <description lang="el">Το πρόσθετο αυτό ενδέχεται να περιέχει βίντεο που είναι κατάλληλα μόνο για ενήλικες. Προχωρήστε μόνο αν είστε άνω των 18 ετών</description>
        <license>GNU GPL, version 2 or later</license>
        <website>http://pro-kolgotki.com/</website>
        <source>https://github.com/Twilight0/plugin.video.pro-kolgotki</source>
    </extension>
    <news>
02-09-2017 - [B]2.0.1[/B]
- Added boolean for allowing user to not disable first time warning
- Minor fix in main indexer

01-09-2017 - [B]2.0.0[/B]
- Reinstated version of the original
    </news>
</addon>
