<?xml version="1.0" encoding="UTF-8" standalone="yes"?>
<addon id="plugin.video.listrunner" name="List Runner" version="4.0.0" provider-name="Twilight0">
    <requires>
        <import addon="xbmc.python" version="2.24.0"/>
        <import addon="script.module.tulip" version="2.0.11"/>
        <import addon="script.module.youtube.dl" optional="true"/>
        <import addon="script.module.resolveurl" version="5.0.06" optional="true"/>
        <import addon="script.module.streamlink.base" version="2018.06.20" optional="true"/>
    </requires>
    <extension point="xbmc.python.pluginsource" library="addon.py">
        <provides>video</provides>
    </extension>
    <extension point="xbmc.addon.metadata">
        <platform>all</platform>
        <summary lang="en">List Runner addon</summary>
        <description lang="en">List Runner is an addon capable of loading custom m3u or youtube playlists. Can utilize youtube-dl, resolveurl or streamlink for streams that need resolving (both are optional, installable through the addon's settings menu).</description>
        <summary lang="el">Πρόσθετο List Runner</summary>
        <description lang="el">Το πρόσθετο List Runner έχει την δυνατότητα αναπαραγωγής βίντεο μέσω λιστών αναπαραγωγής, της μορφής m3u ή λίστας αναπαραγωγής Youtube. Χρησιμοποιεί τα πρόσθετα youtube-dl, resolveurl ή streamlink όπου χρειαστεί (και τα δύο είναι προαιρετικά, με δυνατότητα εγκατάστασης μέσω των ρυθμίσεων του προσθέτου).</description>
        <source>https://github.com/Twilight0/plugin.video.listrunner</source>
        <news>+ 4.0.0 (30-06-2018)
- Refactored most aspects of the addon, also added Python 3 compatibility
  > Simplified and faster main menu load, avoid exhaustive exceptions and such, also made it optional through settings
- Enhanced resolvers loading via for loop, made them optional, also added streamlink
[B]TODO:[/B] add support for other playlist formats</news>
        <license>GNU GPL, version 2 or later</license>
    </extension>
</addon>
