<?xml version="1.0" encoding="UTF-8" standalone="yes"?>
<addon id="service.subtitles.subtitles.gr" name="Subtitles.gr" version="3.6.0" provider-name="Twilight0">
    <requires>
        <import addon="xbmc.addon" version="16.1.000"/>
        <import addon="script.module.tulip" version="2.8.19" />
        <import addon="script.module.futures" version="0.0.0.2" optional="true" />
    </requires>
    <extension point="xbmc.subtitle.module" library="service.py">
    </extension>
    <extension point="xbmc.addon.metadata">
        <reuselanguageinvoker>false</reuselanguageinvoker>
        <summary lang="en_GB">Subtitle service addon "subtitles.gr"</summary>
        <summary lang="el_GR">Υπηρεσιακό πρόσθετο υποτίτλων "subtitles.gr"</summary>
        <description lang="en_GB">Search and download subtitles from various sites</description>
        <description lang="el_GR">Εύρεση και λήψη υποτίτλων από διαφόρους ιστοτόπους</description>
        <disclaimer lang="en_GB">This service is only for Greek subtitles. It is not published nor endorsed by any of the sites supported.</disclaimer>
        <disclaimer lang="el_GR">Υπηρεσία μόνο ελληνικών υποτίτλων. Δεν έχει δημοσιευθεί ούτε εγκριθεί από οποιοδήποτε υποστηριζόμενο ιστότοπο.</disclaimer>
        <license>GPL-3.0-only</license>
        <website>http://www.subtitles.gr/</website>
        <source>https://github.com/Twilight0/service.subtitles.subtitles.gr/</source>
        <platform>all</platform>
        <news>[B]3.6.0[/B]
- Allow download of the subtitle next to the playing item (for locally saved videos)
- Extract zips upon save
- Fix for saved files
- Improve results for locally saved files
- Some bug fixes (xsubs.tv)

[B]3.5.1[/B]
- Logging tweaks on vipsubs
- Force unicode search strings
- Make futures optional to help installation for certain cases (Kodi 19)
- Reduce number of concurrent threads (max 5)

[B]3.5.0[/B]
- Change caching method
- Kodi 19+ related fixes
- Remove prompt for libarchive installation
- Increased cache durations for the given functions
- Improve performance with futures instead of arbitrary ranges on workers</news>
        <assets>
            <icon>icon.png</icon>
            <fanart>fanart.jpg</fanart>
        </assets>
    </extension>
</addon>