<?xml version="1.0" encoding="UTF-8" standalone="yes"?>
<addon id="script.module.websocketclient" name="websocket-client" version="0.44.0" provider-name="neverreply">
  <requires>
    <import addon="xbmc.python" version="2.19.0"/>
  </requires>
  <extension point="xbmc.python.module" library="lib"/>
  <extension point="xbmc.addon.metadata">
    <summary>websocket-client repacked for Kodi</summary>
    <source>https://github.com/websocket-client/websocket-client</source>
    <platform>all</platform>
    <license>GNU Lesser General Public License v3.0</license>
  </extension>
</addon>
