﻿<?xml version="1.0" encoding="UTF-8" standalone="yes"?>
<addon id="plugin.video.skai.gr" version="3.2.1" name="SKAI Player" provider-name="Twilight0">
    <requires>
        <import addon="xbmc.addon" version="16.1.000"/>
        <import addon="script.module.tulip" version="2.8.17" />
        <import addon="plugin.video.youtube" version="6.8.10"/>
    </requires>
    <extension point="xbmc.python.pluginsource" library="addon.py">
        <provides>video audio</provides>
    </extension>
    <extension point="xbmc.addon.metadata">
        <platform>all</platform>
        <reuselanguageinvoker>true</reuselanguageinvoker>
        <summary lang="en_GB">SKAI Player addon for Kodi</summary>
        <summary lang="en_GR">Πρόσθετο SKAI Player για το Kodi</summary>
        <description lang="en_GB">SKAI live and on-demand broadcasts</description>
        <description lang="el_GR">Ζωντανές και on demand υπηρεσίες του SKAI</description>
        <disclaimer lang="en_GB">This addon offers content available in Greece and is not published nor endorsed by skai.gr</disclaimer>
        <disclaimer lang="el_GR">Το πρόσθετο αυτό προσφέρει περιεχόμενο διαθέσιμο στην Ελλάδα και δεν έχει δημοσιευθεί ούτε εγκριθεί από το skai.gr</disclaimer>
        <language>en el</language>
        <license>GNU GENERAL PUBLIC LICENSE. Version 3, 29 June 2007</license>
        <source>https://github.com/Twilight0/plugin.video.skai.gr</source>
        <website>http://www.skai.gr/</website>
        <size>226000</size>
        <news>[B]3.2.1[/B]
- Bumped dependencies
- Tweaked labels and icons on live items

[B]3.2.0[/B]
- Change caching method
- Update VOD resolver
- Tweak string indexes
- Enable "reuse language invoker"

[B]3.1.0[/B]
- Updated youtube api key
- Bumped dependencies

[B]3.0.X[/B]
- Rework of the addon for website redesign and deprecation of older APIs
- Removed news in sign language
- Added the entertainment section
- Added suggested, popular and recent videos on news section
- Removed sports
- Bumped dependencies
- Updated logo</news>
        <assets>
            <icon>icon.png</icon>
            <fanart>fanart.jpg</fanart>
<!--            <screenshot>resources/screenshots/screenshot-01.jpg</screenshot>-->
<!--            <screenshot>resources/screenshots/screenshot-02.jpg</screenshot>-->
<!--            <screenshot>resources/screenshots/screenshot-03.jpg</screenshot>-->
        </assets>
        <!--<forum></forum>-->
        <!--<email></email>-->
    </extension>
</addon>