<?xml version="1.0" encoding="UTF-8" standalone="yes"?>
<addon id="plugin.video.AliveGR" name="AliveGR" version="2.10.1" provider-name="Twilight0">
    <requires>
        <import addon="xbmc.addon" version="18.0.000"/>
        <import addon="resource.images.alivegr.artwork" version="3.0.5"/>
        <import addon="resource.images.alivegr.logos" version="1.0.2"/>
        <import addon="script.module.resolveurl" version="5.1.49"/>
        <import addon="script.module.resolveurl.pluginsgr" version="0.0.13"/>
        <import addon="script.module.scrapetube" version="2.2.2.1"/>
        <import addon="script.module.tulip" version="3.0.1"/>
        <import addon="plugin.video.youtube" version="6.8.18"/>
    </requires>
    <extension point="xbmc.python.pluginsource" library="main.py">
        <provides>video audio image executable</provides>
    </extension>
    <extension point="xbmc.service" library="resources/lib/modules/service.py"/>
    <extension point="xbmc.addon.metadata">
        <platform>all</platform>
        <reuselanguageinvoker>false</reuselanguageinvoker>
        <summary lang="en">AliveGR addon</summary>
        <description lang="en_GB">AliveGR is an addon allowing streaming content available mostly in Greek language.</description>
        <disclaimer lang="en_GB">AliveGR's author does not host, stream or distribute any of the content displayed inside this software and cannot be held responsible for the quality or availability of the listed streams.
On demand content is scraped from various websites and is freely available on the internet on public domains. This software acts only as a search engine.
Kindly note that AliveGR is not an official part of the media player you are running, and therefore not to be mentioned within official support channels, this addon has nothing to do with the media player itself, nor it’s intended use, it is simply a third party plugin which has been added to your system and it is provided "as is" with no warranty.</disclaimer>
        <summary lang="el_GR">Πρόσθετο AliveGR</summary>
        <description lang="el_GR">Το πρόσθετο AliveGR επιτρέπει την θέαση ροών με περιεχόμενο κυρίως εις την Ελληνική γλώσσα.</description>
        <disclaimer lang="el_GR">Ο δημιουργός του AliveGR δεν φιλοξενεί ή παρέχει οποιοδήποτε από τα απεικονιζόμενα πολυμέσα και περιεχόμένο εντός του μενού του και δεν μπορεί να θεωρηθεί υπεύθυνος για την ποιότητα ή την διαθεσιμότητα των ροών.
Το περιεχόμενο αναπαραγωγής κατά βούληση φιλτράρεται από διάφορες ιστοσελίδες ελεύθερα διαθέσιμες στο διαδίκτυο σε δημόσιους ιστότοπους. Το παρόν λογισμικό ενεργεί μόνο ως μηχανή αναζήτησης.
Παρακαλώ προσέξτε ότι το AliveGR δεν είναι επίσημο κομμάτι του αναπαραγωγέα πολυμέσων Kodi ή της καθορισμένης χρήσης του, είναι απλά μία μικροεφαρμογή που προστέθηκε στο σύστημά σας και που παρέχεται "όπως είναι" χωρίς καμία εγγύηση καλής λειτουργίας.</disclaimer>
        <language>en el</language>
        <license>GPL-3.0-only</license>
        <forum>https://github.com/Twilight0/plugin.video.AliveGR/issues</forum>
        <source>https://github.com/Twilight0/plugin.video.AliveGR</source>
        <website>https://alivegr.net/</website>
        <size>1500240</size>
        <news>[I]Legend: - (removal), ~ (replacement), * (fix), + (addition)[/I]
+ [COLOR green]2.10.X series[/COLOR] [I]18-07-2022 - XX-XX-XXXX[/I]
Legend: - (removal), ~ (replacement), * (fix), + (addition)
- Remove youtube api related functions (and setup to user)
~ Replace youtube module from tulip with scrapetube (which does not require api keys)
~ Replace pyxbmct related functions and windows to xbmcbui dialogs (lets keep it simple and uniform across skins)
- Remove social links from welcome screen
~ Simplify youtube music techno choices indexer
* Fixed GM music indexer playback
+ Add search index and history (You can add items, delete and purge entire history)
+ New keymap: On fullscreen video short return key press stops playback, long press behaves as the default keymap
- Remove deprecated "common" resolvers
~ Change behaviour on how settings.xml is applied for compatibility
* Various bug fixes

+ [COLOR red]2.9.X series[/COLOR] [I]27-04-2021 - 30-12-2021[/I]
- Some bug and labeling fixes
- Check streams when picking a stream sequentially (default being off)
- Removed playlist mode from vod stream choices
- Clean up on some indexers
- Enhance activate other addon function
- Bump dependencies</news>
        <assets>
            <icon>resources/media/icon.png</icon>
            <fanart>resources/media/fanart.jpg</fanart>
            <screenshot>resources/media/main_menu.jpg</screenshot>
            <screenshot>resources/media/live_streams.jpg</screenshot>
            <screenshot>resources/media/movies.jpg</screenshot>
            <screenshot>resources/media/tv_series.jpg</screenshot>
            <screenshot>resources/media/networks.jpg</screenshot>
        </assets>
    </extension>
</addon>
