<?xml version="1.0" encoding="UTF-8" standalone="yes"?>
<addon id="plugin.video.Toronto-Channels" name="BCI Greek TV" version="2.8.1" provider-name="BCI Media Inc.">
    <requires>
        <import addon="xbmc.addon" version="16.1.000"/>
        <import addon="plugin.video.youtube" version="6.8.8"/>
        <import addon="script.module.tulip" version="2.8.6"/>
    </requires>
    <extension point="xbmc.python.pluginsource" library="addon.py">
        <provides>video audio image</provides>
    </extension>
    <extension point="xbmc.addon.metadata">
        <platform>all</platform>
        <reuselanguageinvoker>false</reuselanguageinvoker>
        <summary lang="en">BCI Greek TV addon</summary>
        <description lang="en">This addon offers live streaming content mainly in Greek language</description>
        <summary lang="el">Πρόσθετο BCI Greek TV</summary>
        <description lang="el">Το πρόσθετο αυτό παρέχει ζωντανό περιεχόμενο κυρίως εις την Ελληνική γλώσσα</description>
        <license>GNU General Public License, v3</license>
        <news>2.8.0 (10-02-2021)
- Added new streams (Food channel, cetn, health channel), updated others
- Removed rtmp urls and accompanying setting
- Disabled radio choice

2.7.0 (28-12-2020)
- Updated youtube api keys
- Bumped dependencies</news>
        <website>http://www.bcimedia.net/</website>
        <assets>
            <icon>icon.png</icon>
            <fanart>fanart.jpg</fanart>
        </assets>
    </extension>
</addon>
