<?xml version="1.0" encoding="UTF-8" standalone="yes"?>
<addon id="plugin.video.Toronto-Channels" name="Toronto-Channels" version="1.4.0" provider-name="Twilight0">
    <requires>
        <import addon="xbmc.python" version="2.1.0"/>
    </requires>
    <extension point="xbmc.python.pluginsource" library="addon.py">
        <provides>video audio image</provides>
    </extension>
    <extension point="xbmc.addon.metadata">
        <platform>all</platform>
        <summary lang="en">Toronto Channels addon</summary>
        <description lang="en">This addon offers live streaming content mainly in Greek language</description>
        <summary lang="el">Πρόσθετο Toronto Channels</summary>
        <description lang="el">Το πρόσθετο αυτό παρέχει ζωντανό περιεχόμενο κυρίως εις την Ελληνική γλώσσα</description>
        <license>GNU General Public License, v2</license>
        <news>
1.4.0 (15-10-2017)
- Re-route to play audio stream directly when selected as music addon
- Added image parameter for future use of pictures for digital magazine

1.3.2 (15-08-2017)
- Updated EUGO24 url

1.3.1 (28-07-2017)
- Fix for LIFE HD url
- Fix for listitem conflicts

1.3.0 (27-07-2017)
- New stream Eugo24
- IPTV simple client list is now remotely hosted
- Tweaked icons for transparency
- Various other tweaks &amp; cosmetics

1.2.0 (17-07-2017)
- New stream ~ Netv Toronto 2
- Various tweaks
- Auto activate iptv simple client on setup
- Added option for HLS (alternative) streams
- Deprecated LIFE HD stream

1.1.0 (24-03-2017)
- Added Life HD Network
- Added Greek Translation
- Added IPTV Simple Client setup function
- Code cosmetics
- Removed Auto-View

1.0.9 (04-02-2017)
- Fixed Radio's title

1.0.8 (05-12-2016)
- New fanart
- Code cosmetics
        </news>
        <website>http://netvtoronto.com/</website>
    </extension>
</addon>
