<?xml version="1.0" encoding="UTF-8" standalone="yes"?>
<addon id="service.subtitles.subtitles.gr" name="Subtitles.gr" version="1.5.7" provider-name="Twilight0">
	<requires>
		<import addon="xbmc.python" version="2.24.0"/>
		<import addon="script.module.tulip" version="2.2.4" />
	</requires>
	<extension point="xbmc.subtitle.module" library="service.py">
	</extension>
	<extension point="xbmc.addon.metadata">
		<reuselanguageinvoker>false</reuselanguageinvoker>
		<summary lang="en_GB">Subtitles.gr addon for subtitles</summary>
		<summary lang="en_GB">Πρόσθετο υποτίτλων Subtitles.gr</summary>
        <description lang="en_GB">Search and download subtitles from subtitles.gr, xsubs.tv and subz.xyz</description>
		<description lang="el_GR">Εύρεση και λήψη υποτίτλων από τα subtitles.gr, xsubs.tv και subz.xyz</description>
		<disclaimer lang="en_GB">This service is only for Greek subtitles and not published nor endorsed by subtitles.gr, xsubs.tv and subz.xyz</disclaimer>
		<disclaimer lang="el_GR">Υπηρεσία μόνο ελληνικών υποτίτλων που δεν έχει δημοσιευθεί ούτε εγκριθεί από τα subtitles.gr, xsubs.tv και subz.xyz</disclaimer>
		<license>GNU GENERAL PUBLIC LICENSE. Version 3, 29 June 2007</license>
		<website>http://www.subtitles.gr/</website>
		<platform>all</platform>
		<language>el</language>
		<news>
[B]1.5.7[/B]
- Instantiate query variable in run function
- Search tv shows/series subtitles with dual queries to maximize subtitles match
- Add clear cache function
- Notify user when search term might be too broad or incorrect
- Increased sleep timeout from 500 ms to 750 for threaded requests
- Increased number of possible requests before exiting the loop for threaded requests
- Made regexes less aggressive

[B]1.5.5 - 1.5.6[/B]
- Log exceptions and queries for debugging purposes
- Rename subtitle in order to mitigate illegal chars for filesystems that struggle with them

[B]1.5.3 - 1.5.4[/B]
- Improved subtitle search for tv shows
- Improved handling of subtitles choice on multisubs archives
- Boolean check of archive format with is_zipfile instead of endswith
- Various other tweaks

[B]1.5.0 - 1.5.2[/B]
- Fixed subz.xyz (by not loading the xbmcvfs module through kodi_six)
- Subtitles search can also be performed via listitem query (useful when searching via context menu)
- Tweaked string formatting on all modules
- Added Python 3 compatibility (not yet tested)
- Implemented capability to select subtitle from rar archives that have multiple subtitles (up to second subdirectory level)
- Bump dependencies
		</news>
	</extension>
</addon>