<?xml version="1.0" encoding="UTF-8" standalone="yes"?>
<addon id="plugin.video.montreal.greek-tv" name="Montreal Greek TV" version="3.0.2" provider-name="Greektimes.ca, Twilight0">
    <requires>
        <import addon="xbmc.addon" version="16.1.000"/>
        <import addon="script.module.tulip" version="3.0.1"/>
<!--        <import addon="script.module.scrapetube" version="2.2.2.1"/>-->
    </requires>
    <extension point="xbmc.python.pluginsource" library="addon.py">
        <provides>video image audio</provides>
    </extension>
    <extension point="xbmc.addon.metadata">
        <platform>all</platform>
        <summary lang="en_GB">Montreal Greek TV addon</summary>
        <description lang="en_GB">Montreal Greek TV add-on for Kodi featuring Live TV, Radio and Video on demand streams from Montreal, Quebec, Canada. Montreal Greek Television is broadcasting in-house locally-produced Canadian programming in the Greek language from the Greek Community of Greater Montreal.</description>
        <summary lang="el_gr">Πρόσθετο Montreal Greek TV</summary>
        <description lang="el_gr">Το πρόσθετο Montreal Greek TV για το σύστημα πολυμέσων Kodi προσφέρει ζωντανή τηλεόραση, ραδιόφωνο και ροές κατ' απαίτηση από το Μόντρεαλ, Κεμπέκ, Καναδά. Η Τηλεόραση Montreak Greek εκπέμπει περιεχόμενο τοπικής παραγωγής εις την Ελληνική γλώσσα από την Ελληνική κοινότητα της ευρύτερης περιοχής του Μόντρεαλ.</description>
        <language>en el</language>
        <license>GNU General Public License, v3</license>
        <size>633158</size>
        <news>[B]3.0.X[/B] - 22-07-2022
- Update live urls
- Add radio fanart
- Remove non working items

[B]2.3.X[/B] - 02-04-2021
- Change cache method

[B]2.2.X[/B] - 18-03-2021
- Some code tweaks</news>
        <assets>
            <icon>icon.png</icon>
            <fanart>fanart.jpg</fanart>
        </assets>
        <website>http://greektimes.ca</website>
        <email>info@greektimes.ca</email>
        <source>https://github.com/Twilight0/plugin.video.montreal.greek-tv</source>
    </extension>
</addon>
