<?xml version="1.0" encoding="UTF-8" standalone="yes"?>
<addon id="plugin.video.Toronto-Channels" name="Toronto Channels" version="2.0.1" provider-name="BCI Media Inc.">
    <requires>
        <import addon="xbmc.python" version="2.24.0"/>
        <import addon="service.banners.mod" version="1.9.1"/>
        <import addon="plugin.video.youtube" version="6.4.0"/>
        <import addon="script.module.tulip" version="2.3.4"/>
    </requires>
    <extension point="xbmc.python.pluginsource" library="addon.py">
        <provides>video audio image</provides>
    </extension>
    <extension point="xbmc.service" library="service.py" start="startup" />
    <extension point="xbmc.addon.metadata">
        <platform>all</platform>
        <reuselanguageinvoker>false</reuselanguageinvoker>
        <summary lang="en">Toronto Channels addon</summary>
        <description lang="en">This addon offers live streaming content mainly in Greek language</description>
        <summary lang="el">Πρόσθετο Toronto Channels</summary>
        <description lang="el">Το πρόσθετο αυτό παρέχει ζωντανό περιεχόμενο κυρίως εις την Ελληνική γλώσσα</description>
        <license>GNU General Public License, v2</license>
        <news>2.0.1 (20-03-2019)
- Corrected status url

2.0.0 (20-03-2019)
- Addon code rework
- Added licence key authorization system for subscribers
- Bumped lowest supported Kodi version to Jarvis</news>
        <website>http://www.bcimedia.net/</website>
    </extension>
</addon>
