<?xml version="1.0" encoding="UTF-8" standalone="yes"?>
<addon id="plugin.video.pylearner" name="PyLearner" version="2.1.1" provider-name="Twilight0">
    <requires>
        <import addon="xbmc.python" version="2.20.0"/>
        <import addon="plugin.video.youtube" version="5.2.1"/>
        <import addon="script.module.parsedom" version="2.5.2"/>
    </requires>
    <extension point="xbmc.python.pluginsource" library="addon.py">
        <provides>video</provides>
    </extension>
    <extension point="xbmc.addon.metadata">
        <platform>all</platform>
        <summary lang="en">PyLearner addon</summary>
        <description lang="en">This addon offers Python learning courses from various youtube channels</description>
        <summary lang="el">Πρόσθετο PyLearner</summary>
        <description lang="el">Το πρόσθετο αυτό περιέχει λίστες και βίντεο με μαθήματα της γλώσσας Python όπως και άλλες γλώσσες</description>
        <license>GNU General Public License, v2</license>
        <website>https://twitter.com/TwilightZer0</website>
        <forum>https://forumshttps://forum.kodi.tv/showthread.php?tid=290843</forum>
        <news>
[B]2.1.1 (23-Jun-2017)[/B]
- Minor fix in addon.xml

[B]2.1.0 (19-Jun-2017)[/B]
- New location of playlists
- Removed redundant youtube addon install function

[B]2.0.0 (29-Dec-2016)[/B]
- Introduced set of videos &amp; playlists in greek language
- Youtube Keys setup setting/function
        </news>
    </extension>
</addon>
