<?xml version="1.0" encoding="UTF-8" standalone="yes"?>
<addon id="plugin.video.hng" name="Heroes and Generals" version="1.1.0" provider-name="Twilight0">
    <requires>
        <import addon="xbmc.python" version="2.20.0"/>
        <import addon="plugin.video.youtube" version="5.2.1"/>
    </requires>
    <extension point="xbmc.python.pluginsource" library="hng.py">
        <provides>video</provides>
    </extension>
    <extension point="xbmc.addon.metadata">
        <platform>all</platform>
        <summary lang="en">Heroes and Generals addon</summary>
        <description lang="en">This addon is not developed, nor endorsed by Reto-Moto ApS</description>
        <summary lang="el">Πρόσθετο Heroes and Generals</summary>
        <description lang="el">Το πρόσθετο αυτό δεν αναπτύσεται ούτε αναγνωρίζεται από την Reto-Moto ApS</description>
        <license>GNU GPL, version 2 or later</license>
        <website>https://heroesandgenerals.com</website>
    </extension>
    <news>
05-08-2017 - [B]1.1.0[/B]
- Added OST music menu
- Code cosmetics

22-03-2017 - [B]1.0.1[/B]
- Small bug fix for 3rd party channels
- Fix in translation string for 3rd party YT channels
    
18-03-2017 - [B]1.0.0[/B]
- Initial version
    </news>
</addon>
