<?xml version="1.0" encoding="UTF-8" standalone="yes"?>
<addon id="plugin.video.faros.on-air" name="Faros On-Air" version="1.0.5" provider-name="Twilight0">
    <requires>
        <import addon="xbmc.python" version="2.24.0"/>
        <import addon="plugin.video.youtube" version="5.5.1"/>
        <import addon="script.module.tulip" version="1.4.0"/>
    </requires>
    <extension point="xbmc.python.pluginsource" library="addon.py">
        <provides>video</provides>
    </extension>
    <extension point="xbmc.service" library="resources/lib/service.py" start="startup"/>
    <extension point="xbmc.addon.metadata">
        <platform>all</platform>
        <summary lang="en">Faros On-Air addon</summary>
        <description lang="en">This addon features video content and Live stream from the PanCypriot channel Faros from Pafos, Cyprus</description>
        <summary lang="el">Πρόσθετο Faros On-Air</summary>
        <description lang="el">Το πρόσθετο αυτό παρέχει βίντεο, ειδήσεις και ζωντανό περιεχόμενο από το Πανκύπριο κανάλι Faros από την Πάφο της Κύπρου</description>
        <license>GNU GPL, version 2 or later</license>
        <size>738082</size>
        <website>https://farosonair.com/</website>
        <source>https://github.com/Twilight0/plugin.video.faros.on-air</source>
    </extension>
    <!--<extension name="Faros On Air Repo" point="xbmc.addon.repository">-->
        <!--<info compressed="false">http://alivegr.net/repo/_faros/addons.xml</info>-->
        <!--<checksum>http://alivegr.net/repo/_faros/addons.xml.md5</checksum>-->
        <!--<datadir zip="true">http://alivegr.net/repo/_faros/</datadir>-->
        <!--<hashes>false</hashes>-->
        <!--<dir>-->
            <!--<info compressed="false">https://raw.githubusercontent.com/Twilight0/repo.twilight0.libs/master/_zips/addons.xml</info>-->
            <!--<checksum>https://raw.githubusercontent.com/Twilight0/repo.twilight0.libs/master/_zips/addons.xml.md5</checksum>-->
            <!--<datadir zip="true">https://raw.githubusercontent.com/Twilight0/repo.twilight0.libs/master/_zips/</datadir>-->
        <!--</dir>-->
    <!--</extension>-->
    <news>23-03-2018 - [B]1.0.5[/B]
- Improved conditional for first time setup
- Added radio and presentation options
- Cosmetics</news>
</addon>
