<?xml version="1.0" encoding="UTF-8" standalone="yes"?>
<addon id="service.subtitles.subtitles.gr" name="Subtitles.gr" version="2.0.1" provider-name="Twilight0">
	<requires>
		<import addon="xbmc.python" version="2.24.0"/>
		<import addon="script.module.tulip" version="2.3.5" />
	</requires>
	<extension point="xbmc.subtitle.module" library="service.py">
	</extension>
	<extension point="xbmc.addon.metadata">
		<reuselanguageinvoker>false</reuselanguageinvoker>
		<summary lang="en_GB">Subtitles.gr addon for subtitles</summary>
		<summary lang="en_GB">Πρόσθετο υποτίτλων Subtitles.gr</summary>
        <description lang="en_GB">Search and download subtitles from subtitles.gr, xsubs.tv and subz.xyz</description>
		<description lang="el_GR">Εύρεση και λήψη υποτίτλων από τα subtitles.gr, xsubs.tv και subz.xyz</description>
		<disclaimer lang="en_GB">This service is only for Greek subtitles and not published nor endorsed by subtitles.gr, xsubs.tv and subz.xyz</disclaimer>
		<disclaimer lang="el_GR">Υπηρεσία μόνο ελληνικών υποτίτλων που δεν έχει δημοσιευθεί ούτε εγκριθεί από τα subtitles.gr, xsubs.tv και subz.xyz</disclaimer>
		<license>GNU GENERAL PUBLIC LICENSE. Version 3, 29 June 2007</license>
		<website>http://www.subtitles.gr/</website>
		<platform>all</platform>
		<language>el</language>
		<news>[B]2.0.Χ[/B]
- Extraction method for zip files is now performed by python library by default, kodi built-in as fallback
- Removed notification for broad search terms and tweaked various functions and regexes to allow them
- Install vfs.libarchive on Leia, whenever possible via builtin command
- Replaced subtitles.gr domain with an alternative one by default, old one kept as optional
- Sort subtitles.gr items according to rating (downloads)
- Various other tweaks
- Bumped dependencies</news>
	</extension>
</addon>