﻿<?xml version="1.0" encoding="UTF-8" standalone="yes"?>
<addon id="plugin.video.star.gr" version="1.2.0" name="STAR Player" provider-name="Twilight0">
	<requires>
		<import addon="xbmc.python" version="2.24.0" />
		<import addon="script.module.tulip" version="1.2.2" />
		<import addon="plugin.video.youtube" version="5.4.0" optional="true"/>
	</requires>
	<extension point="xbmc.python.pluginsource" library="addon.py">
		<provides>video</provides>
	</extension>
	<extension point="xbmc.addon.metadata">
		<summary lang="en">STAR Player addon for Kodi</summary>
		<description lang="en">STAR live and on-demand broadcasts</description>
		<description lang="el">Ζωνταντές και on demand υπηρεσίες του STAR</description>
		<disclaimer lang="en">This addon offers content available in Greece and is not published nor endorsed by star.gr</disclaimer>
		<disclaimer lang="el">Το πρόσθετο αυτό προσφέρει περιεχόμενο διαθέσιμο στην Ελλάδα και δεν έχει δημοσιευθεί ούτε εγκριθεί από το star.gr</disclaimer>
		<license>GNU GENERAL PUBLIC LICENSE. Version 3, 29 June 2007</license>
		<source>https://github.com/lambda81/plugin.video.star.gr</source>
		<website>http://www.star.gr/</website>
		<news>
[B]1.2.0[/B]
- Added Web TV section
- Added context menu with clear cache function (root menu only)
- Misc code tweaks here &amp; there

[B]1.1.1[/B]
- Rebased to utilize tulip libraries

[B]1.1.0[/B]
- Tweaked sections
- Added add-on screenshots

[B]1.0.0[/B]
- Initial version
		</news>
		<assets>
			<icon>icon.png</icon>
			<fanart>fanart.jpg</fanart>
		</assets>
		<platform>all</platform>
		<language>el</language>
		<forum></forum>
		<email></email>
	</extension>
</addon>