<?xml version="1.0" encoding="UTF-8" standalone="yes"?>
<addon id="plugin.video.fashiontv.com" version="1.3.4" name="Fashion TV Player" provider-name="Twilight0">
	<requires>
		<import addon="xbmc.addon" version="16.1.000"/>
		<import addon="script.module.tulip" version="2.9.10" />
		<import addon="plugin.video.youtube" version="6.8.10"/>
	</requires>
	<extension point="xbmc.python.pluginsource" library="addon.py">
		<provides>video</provides>
	</extension>
	<extension point="kodi.context.item">
        <menu id="kodi.core.main">
            <item library="resources/lib/youtube_bookmark.py">
                <label>30004</label>
                <visible>
					[String.StartsWith(Container.FolderPath,plugin://plugin.video.youtube/channel/UCqzju-_WMKsgNx8R3QwupQQ/) |
					String.StartsWith(Container.FolderPath,plugin://plugin.video.youtube/channel/UClnblsrZrugJfFs4ANPgNcA/) |
					String.StartsWith(Container.FolderPath,plugin://plugin.video.youtube/channel/UCDN6BTcfgHDuBQgCgXkU-cA/) |
					String.StartsWith(Container.FolderPath,plugin://plugin.video.youtube/channel/UCLiyW3PZFDSxIw6EES8MneQ/) |
					String.StartsWith(Container.FolderPath,plugin://plugin.video.youtube/channel/UCC2Iic6b-nhY7CSRUm_nyng/) |
					String.StartsWith(Container.FolderPath,plugin://plugin.video.youtube/channel/UCi12i9eiWFh67T-uCP1y7Gw/)] +
                    !String.Contains(ListItem.Art(thumb),resources/media) +
                    !String.Contains(ListItem.FolderPath,page_token)
                </visible>
            </item>
        </menu>
    </extension>
	<extension point="xbmc.addon.metadata">
		<reuselanguageinvoker>true</reuselanguageinvoker>
		<summary lang="en_GB">Fashion TV Player addon for Kodi</summary>
        <summary lang="en_GR">Πρόσθετο Fashion TV Player για το Kodi</summary>
		<description lang="en_GB">Fashion TV live and on-demand broadcasts</description>
		<description lang="el_GR">Ζωντανές και on demand υπηρεσίες του Fashion TV</description>
		<disclaimer lang="en_GB">This addon is not published nor endorsed by fashiontv.com</disclaimer>
		<disclaimer lang="el_GR">Το πρόσθετο αυτό δεν έχει δημοσιευθεί ούτε εγκριθεί από το fashiontv.com</disclaimer>
		<license>GPL-3.0-only</license>
		<source>https://github.com/Twilight0/plugin.video.fashiontv.com</source>
		<website>https://www.fashiontv.com/</website>
		<size>228454</size>
		<news>[B]1.3.X[/B]
- Change cache method
- Place youtube channels on submenu
- Change main label from "Live" to "Fashion TV Live"
- Remove check for inputstream addon

[B]1.2.0[/B]
- Update youtube api keys
- Rework of router scheme
- Tweaks for Matrix

[B]1.1.0[/B]
- Add bookmarking feature

[B]1.0.3[/B]
- Added FTV news channel

[B]1.0.2[/B]
- Re-addition of previously unsupported streams
- Properly check for stream m3u8/mpd and dash activation

[B]1.0.1[/B]
- Removed unsupported streams
- Check if Kodi Leia+ for asking about inputstream addon

[B]1.0.0[/B]
- Final stable version

[B]0.0.1~alpha1[/B]
- Initial version</news>
		<assets>
			<icon>icon.png</icon>
			<fanart>fanart.jpg</fanart>
		</assets>
		<platform>all</platform>
		<language>en</language>
		<broken>Website changed significantly</broken>
		<!--<forum></forum>-->
		<!--<email></email>-->
	</extension>
</addon>