<?xml version="1.0" encoding="UTF-8" standalone="yes"?>
<addon id="plugin.video.faros.on-air" name="Faros On-Air" version="1.0.0" provider-name="Twilight0">
    <requires>
        <import addon="xbmc.python" version="2.24.0"/>
        <import addon="plugin.video.youtube" version="5.4.0"/>
        <import addon="script.module.tulip" version="1.3.5"/>
    </requires>
    <extension point="xbmc.python.pluginsource" library="addon.py">
        <provides>video</provides>
    </extension>
    <extension point="xbmc.addon.metadata">
        <platform>all</platform>
        <summary lang="en">Faros On-Air addon</summary>
        <description lang="en">This addon features video content and Live stream from the PanCypriot channel Faros from Pafos, Cyprus</description>
        <summary lang="el">Πρόσθετο Faros On-Air</summary>
        <description lang="el">Το πρόσθετο αυτό παρέχει βίντεο, ειδήσεις και ζωντανό περιεχόμενο από το Πανκύπριο κανάλι Faros από την Πάφο της Κύπρου</description>
        <license>GNU GPL, version 2 or later</license>
        <size>133900</size>
        <website>https://farosonair.com/</website>
        <source>https://github.com/Twilight0/plugin.video.faros.on-air</source>
    </extension>
    <news>
18-12-2017 - [B]1.0.0[/B]
- Initial Version
    </news>
</addon>
