﻿<?xml version="1.0" encoding="UTF-8" standalone="yes"?>
<addon id="plugin.video.ert.gr" version="2.0.0" name="ERT Player" provider-name="Twilight0">
    <requires>
        <import addon="xbmc.python" version="2.24.0" />
        <import addon="script.module.tulip" version="2.4.1" />
        <import addon="plugin.video.youtube" version="6.4.1"/>
    </requires>
    <extension point="xbmc.python.pluginsource" library="addon.py">
        <provides>video audio</provides>
    </extension>
    <extension point="xbmc.addon.metadata">
        <platform>all</platform>
        <reuselanguageinvoker>false</reuselanguageinvoker>
        <language>en el</language>
        <summary lang="en_GB">ERT Player addon for Kodi</summary>
        <description lang="en_GB">ERT live and on-demand broadcasts</description>
        <description lang="el_GR">Ζωντανές και on demand υπηρεσίες της ΕΡΤ</description>
        <disclaimer lang="en_GB">This addon offers content available in Greece and is not published nor endorsed by ert.gr</disclaimer>
        <disclaimer lang="el_GR">Το πρόσθετο αυτό προσφέρει περιεχόμενο διαθέσιμο στην Ελλάδα και δεν έχει δημοσιευθεί ούτε εγκριθεί από το ert.gr</disclaimer>
        <license>GNU GENERAL PUBLIC LICENSE. Version 3, 29 June 2007</license>
        <source>https://github.com/Twilight0/plugin.video.ert.gr</source>
        <size>417205</size>
        <website>https://www.ert.gr/</website>
        <news>[B]2.0.0[/B]
- Rework of most aspects and sections of the addon
- Revamped sports section
- Categories list is now populated from different source (index)
- Added movies and tv series section
- Tweaked resolvers</news>
        <assets>
            <icon>icon.png</icon>
            <fanart>fanart.jpg</fanart>
        </assets>
        <!--<forum></forum>-->
    </extension>
</addon>