<?xml version="1.0" encoding="UTF-8" standalone="yes"?>
<addon id="plugin.video.montreal.greek-tv" name="Montreal Greek TV" version="2.1.6" provider-name="Greektimes.ca, Twilight0">
    <requires>
        <import addon="xbmc.addon" version="16.1.000"/>
        <import addon="script.module.tulip" version="2.8.1"/>
    </requires>
    <extension point="xbmc.python.pluginsource" library="addon.py">
        <provides>video image audio</provides>
    </extension>
    <extension point="xbmc.addon.metadata">
        <platform>all</platform>
        <summary lang="en_GB">Montreal Greek TV addon</summary>
        <description lang="en_GB">Montreal Greek TV add-on for Kodi featuring Live TV, Radio and Video on demand streams from Montreal, Quebec, Canada. Montreal Greek Television is broadcasting in-house locally-produced Canadian programming in the Greek language from the Greek Community of Greater Montreal.</description>
        <summary lang="el_gr">Πρόσθετο Montreal Greek TV</summary>
        <description lang="el_gr">Το πρόσθετο Montreal Greek TV για το σύστημα πολυμέσων Kodi προσφέρει ζωντανή τηλεόραση, ραδιόφωνο και ροές κατ' απαίτηση από το Μόντρεαλ, Κεμπέκ, Καναδά. Η Τηλεόραση Montreak Greek εκπέμπει περιεχόμενο τοπικής παραγωγής εις την Ελληνική γλώσσα από την Ελληνική κοινότητα της ευρύτερης περιοχής του Μόντρεαλ.</description>
        <language>en el</language>
        <license>GNU General Public License, v3</license>
        <size>633158</size>
        <news>[B]2.1.6[/B] - 29-11-2020
- Updated youtube api key

[B]2.1.5[/B] - 29-06-2020
- Updated youtube api key

[B]2.1.4[/B] - 25-03-2019
- Bumped dependencies
- Added sort method for youtube videos

[B]2.1.3[/B] - 30-01-2019
- Corrected radio url

[B]2.1.2[/B] - 30-01-2019
- Updated video stream url

[B]2.1.1[/B] - 27-01-2019
- Updated radio stream url

[B]2.1.0[/B] - 14-12-2018
- Restored transparency for artwork and updated others
- Moved part of code into lib directory</news>
        <assets>
            <icon>icon.png</icon>
            <fanart>fanart.jpg</fanart>
        </assets>
        <website>http://greektimes.ca</website>
        <email>info@greektimes.ca</email>
        <source>https://github.com/Twilight0/plugin.video.montreal.greek-tv</source>
    </extension>
</addon>
