<?xml version="1.0" encoding="UTF-8" standalone="yes"?>
<addon id="plugin.program.reddit_navigator" name="Reddit Navigator" version="1.0.1" provider-name="Twilight0">
    <requires>
        <import addon="xbmc.python" version="2.24.0"/>
        <import addon="script.module.tulip" version="2.4.1"/>
        <import addon="script.module.pyxbmct" version="1.2.0"/>
        <import addon="script.module.resolveurl" version="5.0.37"/>
        <import addon="plugin.video.youtube" version="6.5.0"/>
    </requires>
    <extension point="xbmc.python.pluginsource" library="main.py">
        <provides>video audio image executable</provides>
    </extension>
    <extension point="xbmc.addon.metadata">
        <reuselanguageinvoker>false</reuselanguageinvoker>
        <platform>all</platform>
        <summary lang="en_GB">Reddit Navigator addon</summary>
        <summary lang="el_GR">Πρόσθετο Reddit Navigator</summary>
        <description lang="en_GB">Reddit Navigator is an addon able to browse Reddit and play various forms of media and show text comments</description>
        <description lang="el_GR">Το πρόσθετο Reddit Navigator είναι μια μικροεφαρμογή πλοήγησης του Reddit που επιτρέπει την αναπαραγωγή διαφόρων ειδών πολυμέσων και προβολή σχολίων και νημάτων</description>
        <disclaimer lang="en_GB">Kodi is a registered trademark of the XBMC Foundation.</disclaimer>
        <language>en</language>
        <license>GNU GPL, version 2</license>
        <source>https://github.com/Twilight0/plugin.program.reddit_navigator</source>
        <size>1711463</size>
        <news>1.0.X ~ 02-01-2020
- Initial Version
- Forked from Reddit Browser
- Replaced urlresolver with resolveurl
- Changed some default settings
- Some other code related tweaks
- Changed artwork
- Changed user agent string
- Changed app token</news>
        <assets>
            <icon>icon.png</icon>
            <fanart>fanart.jpg</fanart>
        </assets>
    </extension>
</addon>
