<?xml version="1.0" encoding="UTF-8" standalone="yes"?>
<addon id="service.subtitles.subtitles.gr" name="Subtitles.gr" version="3.7.0" provider-name="Twilight0">
    <requires>
        <import addon="xbmc.addon" version="16.1.000"/>
        <import addon="script.module.tulip" version="2.9.8" />
    </requires>
    <extension point="xbmc.subtitle.module" library="service.py">
    </extension>
    <extension point="xbmc.addon.metadata">
        <reuselanguageinvoker>false</reuselanguageinvoker>
        <summary lang="en_GB">Subtitle service addon "subtitles.gr"</summary>
        <summary lang="el_GR">Υπηρεσιακό πρόσθετο υποτίτλων "subtitles.gr"</summary>
        <description lang="en_GB">Search and download subtitles from various sites</description>
        <description lang="el_GR">Εύρεση και λήψη υποτίτλων από διαφόρους ιστοτόπους</description>
        <disclaimer lang="en_GB">This service is only for Greek subtitles. It is not published nor endorsed by any of the sites supported.</disclaimer>
        <disclaimer lang="el_GR">Υπηρεσία μόνο ελληνικών υποτίτλων. Δεν έχει δημοσιευθεί, ούτε εγκριθεί από οποιοδήποτε υποστηριζόμενο ιστότοπο.</disclaimer>
        <license>GPL-3.0-only</license>
        <website>http://www.subtitles.gr/</website>
        <source>https://github.com/Twilight0/service.subtitles.subtitles.gr/</source>
        <platform>all</platform>
        <news>[B]3.7.0[/B]
- Increase maximum possible timeout for search requests
- Add separate setting for subtitles.gr sub download timeout
- Utilize fuzzywuzzy to find synced subtitles (minimum match ratio 50, default 75, max 100)
- Replace futures module with tulip solution
- Various other tweaks

[B]3.6.2[/B]
- Bug fixes for subtitles save function on vipsubs

[B]3.6.1[/B]
- Broaden search results for vipsubs.gr
- Allow subtitle to be saved both locally and within the manual choice
- Ask before overwriting existing subs</news>
        <assets>
            <icon>icon.png</icon>
            <fanart>fanart.jpg</fanart>
        </assets>
    </extension>
</addon>