﻿<?xml version="1.0" encoding="UTF-8" standalone="yes"?>
<addon id="plugin.video.novasports.gr" version="2.0.2" name="Novasports.gr" provider-name="Twilight0">
	<requires>
		<import addon="xbmc.python" version="2.24.0" />
		<import addon="script.module.tulip" version="2.6.1"/>
	</requires>
	<extension point="xbmc.python.pluginsource" library="addon.py">
		<provides>video</provides>
	</extension>
	<extension point="xbmc.addon.metadata">
		<platform>all</platform>
        <reuselanguageinvoker>false</reuselanguageinvoker>
		<summary lang="en_GB">Novasports.gr addon for Kodi</summary>
        <summary lang="en_GR">Πρόσθετο Novasports.gr για το Kodi</summary>
		<description lang="en_GB">On-demand Videos and TV Shows from novasports.gr</description>
		<description lang="el_GR">Βίντεο on demand και εκπομπές από το novasports.gr</description>
		<disclaimer lang="en_GB">This addon offers content available in Greece and is not published nor endorsed by novasports.gr</disclaimer>
		<disclaimer lang="el_GR">Το πρόσθετο αυτό προσφέρει περιεχόμενο διαθέσιμο στην Ελλάδα και δεν έχει δημοσιευθεί ούτε εγκριθεί από το novasports.gr</disclaimer>
		<license>GNU GENERAL PUBLIC LICENSE. Version 3, 29 June 2007</license>
		<source>https://github.com/Twilight0/plugin.video.novasports.gr</source>
		<website>http://www.novasports.gr/</website>
        <size>815135</size>
		<news>[B]2.0.2[/B]
- Fix in webtv's latest videos indexer (additional to the main feed)

[B]2.0.1[/B]
- Added the date for live streams items (helps navigation)

[B]2.0.0[/B]
- Complete rework of the addon

[B]1.2.0[/B]
- Updated for website changes

[B]1.1.3[/B]
- Cosmetics &amp; tweaks in addon.xml

[B]1.1.2[/B]
- Cosmetics

[B]1.1.1[/B]
- Rebased to utilize tulip libraries

[B]1.1.0[/B]
- Tweaked sections
- Added add-on screenshots

[B]1.0.0[/B]
- Initial version</news>
		<assets>
			<icon>icon.png</icon>
			<fanart>fanart.jpg</fanart>
<!--			<screenshot>resources/screenshots/screenshot-01.jpg</screenshot>-->
<!--			<screenshot>resources/screenshots/screenshot-02.jpg</screenshot>-->
<!--			<screenshot>resources/screenshots/screenshot-03.jpg</screenshot>-->
		</assets>
		<language>en el</language>
		<!--<forum></forum>-->
		<!--<email></email>-->
	</extension>
</addon>