<?xml version="1.0" encoding="UTF-8" standalone="yes"?>
<addon id="plugin.video.Toronto-Channels" name="Toronto-Channels" version="1.9.0" provider-name="Twilight0">
    <requires>
        <import addon="xbmc.python" version="2.19.0"/>
        <import addon="service.banners.mod" version="1.9.1"/>
        <import addon="plugin.video.youtube" version="6.3.1"/>
    </requires>
    <extension point="xbmc.python.pluginsource" library="addon.py">
        <provides>video audio image</provides>
    </extension>
    <extension point="xbmc.addon.metadata">
        <platform>all</platform>
        <summary lang="en">Toronto Channels addon</summary>
        <description lang="en">This addon offers live streaming content mainly in Greek language</description>
        <summary lang="el">Πρόσθετο Toronto Channels</summary>
        <description lang="el">Το πρόσθετο αυτό παρέχει ζωντανό περιεχόμενο κυρίως εις την Ελληνική γλώσσα</description>
        <license>GNU General Public License, v2</license>
        <news>1.9.0 (12-02-2019)
- Add youtube keys when opening youtube channel
- Add external link opening capability
- Various other tweaks</news>
        <website>http://www.bcimedia.net/</website>
    </extension>
</addon>
