﻿<?xml version="1.0" encoding="UTF-8" standalone="yes"?>
<addon id="plugin.audio.eradio.gr" version="1.2.0" name="E-Radio" provider-name="Twilight0">
	<requires>
		<import addon="xbmc.python" version="2.24.0" />
		<import addon="script.module.tulip" version="1.0.6" />
	</requires>
	<extension point="xbmc.python.pluginsource" library="addon.py">
		<provides>audio</provides>
	</extension>
	<extension point="xbmc.addon.metadata">
		<summary lang="en">E-Radio addon for Kodi</summary>
		<description lang="en">Tunein to greek radios and listen live</description>
		<description lang="el">Με το E-Radio ακούτε όλα τα ελληνικά ραδιόφωνα</description>
		<disclaimer lang="en">This addon is not published nor endorsed by e-radio.gr</disclaimer>
		<disclaimer lang="el">Το πρόσθετο αυτό δεν έχει δημοσιευθεί ούτε εγκριθεί από το e-radio.gr</disclaimer>
		<license>GNU GENERAL PUBLIC LICENSE. Version 3, 29 June 2007</license>
		<source>https://github.com/Twilight0/plugin.audio.eradio.gr</source>
		<website>http://www.e-radio.gr/</website>
		<news>
[B]1.2.0]/B]
- Added developer's picks radio stations (outside of eradio's scope)
- Added link for source code.

[B]1.1.2[/B]
- Cosmetics

[B]1.1.1[/B]
- Rebased to used tulip libraries

[B]1.1.0[/B]
- Tweaked sections
- Added add-on screenshots

[B]1.0.1[/B]
- Code cosmetics

[B]1.0.0[/B]
- Initial version
		</news>
		<assets>
			<icon>icon.png</icon>
			<fanart>fanart.jpg</fanart>
			<screenshot>resources/screenshots/screenshot-01.jpg</screenshot>
			<screenshot>resources/screenshots/screenshot-02.jpg</screenshot>
			<screenshot>resources/screenshots/screenshot-03.jpg</screenshot>
		</assets>
		<platform>all</platform>
	</extension>
</addon>