<?xml version="1.0" encoding="UTF-8" standalone="yes"?>
<addon id="plugin.video.Toronto-Channels" name="BCI Greek TV" version="2.2.0" provider-name="BCI Media Inc.">
    <requires>
        <import addon="xbmc.python" version="2.24.0"/>
        <import addon="service.banners.mod" version="1.9.1"/>
        <import addon="plugin.video.youtube" version="6.4.0"/>
        <import addon="script.module.tulip" version="2.3.5"/>
    </requires>
    <extension point="xbmc.python.pluginsource" library="addon.py">
        <provides>video audio image</provides>
    </extension>
    <extension point="xbmc.addon.metadata">
        <platform>all</platform>
        <reuselanguageinvoker>false</reuselanguageinvoker>
        <summary lang="en">Toronto Channels addon</summary>
        <description lang="en">This addon offers live streaming content mainly in Greek language</description>
        <summary lang="el">Πρόσθετο Toronto Channels</summary>
        <description lang="el">Το πρόσθετο αυτό παρέχει ζωντανό περιεχόμενο κυρίως εις την Ελληνική γλώσσα</description>
        <license>GNU General Public License, v2</license>
        <news>2.2.0 (19-04-2019)
- Removed key input system and reverted to older streams urls playback</news>
        <website>http://www.bcimedia.net/</website>
    </extension>
</addon>
