<?xml version="1.0" encoding="UTF-8" standalone="yes"?>
<addon id="plugin.video.mgtow" name="MGTOW" version="1.0.4~beta" provider-name="Twilight0">
    <requires>
        <import addon="xbmc.python" version="2.24.0"/>
        <import addon="plugin.video.youtube" version="5.5.1"/>
        <import addon="script.module.tulip" version="1.4.0"/>
    </requires>
    <extension point="xbmc.python.pluginsource" library="addon.py">
        <provides>video</provides>
    </extension>
    <extension point="xbmc.addon.metadata">
        <platform>all</platform>
        <summary lang="en_GB">MGTOW - Men Going their own way</summary>
        <description lang="en_GB">This addon may contain material that some users might find offensive. Please understand the principles and right for freedom of speech, everybody can express their opinion as long as they do not target specific individuals.</description>
        <disclaimer lang="en_GB">This addon is in beta stage because currently used youtube library in going to be deprecated with the upcoming 6.X.X version youtube addon</disclaimer>
        <summary lang="el_GR">MGTOW - Οι άνδρες που ακολουθούν την δική τους πορεία</summary>
        <description lang="el_GR">Το πρόσθετο αυτό ενδέχεται να παρουσιάζει περιεχόμενο όπου κάποιοι χρήστες μπορούν να βρουν ενοχλητικό ή απλά να μην συμφωνούν. Παρακαλώ κατανοήστε πρώτα τις θεμελιώδης αρχές και δικαίωμα της ελευθερίας του λόγου, ειδικά όταν δεν πραγματοποιείται επίθεση απευθείας σε συγκεκριμένα πρόσωπα ή ανθρώπους</description>
        <disclaimer lang="el_GR">Το πρόσθετο αυτό είναι σε φάση beta διότι οι βιβλιοθήκες του youtube πρόκειται να χαρακτηριστούν πεπερασμένες με την έκδοση 6.Χ.Χ του προσθέτου youtube.</disclaimer>
        <license>GNU GPL, version 2 or later</license>
        <size>133900</size>
        <website>https://www.mgtow.com/</website>
        <source>https://github.com/Twilight0/plugin.video.mgtow</source>
    </extension>
    <news>15-05-2018 - [B]1.0.4~beta[/B]
- Replaced gr1 channel_id with a playlist_id</news>
</addon>
