<?xml version="1.0" encoding="UTF-8" standalone="yes"?>
<addon id="service.subtitles.subtitles.gr" name="Subtitles.gr" version="3.3.1" provider-name="Twilight0">
    <requires>
        <import addon="xbmc.addon" version="16.1.000"/>
        <import addon="script.module.tulip" version="2.8.1" />
    </requires>
    <extension point="xbmc.subtitle.module" library="service.py">
    </extension>
    <extension point="xbmc.addon.metadata">
        <reuselanguageinvoker>false</reuselanguageinvoker>
        <summary lang="en_GB">Subtitle service addon "subtitles.gr"</summary>
        <summary lang="el_GR">Υπηρεσιακό πρόσθετο υποτίτλων "subtitles.gr"</summary>
        <description lang="en_GB">Search and download subtitles from various sites</description>
        <description lang="el_GR">Εύρεση και λήψη υποτίτλων από διαφόρους ιστοτόπους</description>
        <disclaimer lang="en_GB">This service is only for Greek subtitles. It is not published nor endorsed by any of the sites supported.</disclaimer>
        <disclaimer lang="el_GR">Υπηρεσία μόνο ελληνικών υποτίτλων. Δεν έχει δημοσιευθεί ούτε εγκριθεί από οποιοδήποτε υποστηριζόμενο ιστότοπο.</disclaimer>
        <license>GPL-3.0-only</license>
        <website>http://www.subtitles.gr/</website>
        <source>https://github.com/Twilight0/service.subtitles.subtitles.gr/</source>
        <platform>all</platform>
        <news>[B]3.3.1[/B]
- Added the forgotten string

[B]3.3.0[/B]
- Improved search query function, added accompanying option

[B]3.2.5[/B]
- Tweaked imports

[B]3.2.4[/B]
- More bug fixes for vipsubs.gr (failure to load nested zip on Android)
- Removed builtin methods from other provides

[B]3.2.3[/B]
- Bug fixes for vipsubs.gr

[B]3.2.2[/B]
- Do not allow random choice when not necessary

[B]3.2.1[/B]
- Added capability for nested zips on vipsubs.gr
- Skip certain results not containing subtitles on vipsubs.gr

[B]3.2.0[/B]
- Bumped dependencies
- Improved cache clear function
- Added vipsubs.gr
- Lots of bug fixes

[B]3.1.X[/B]
- Tweaked regexes for searches
- Added a setting allowing users to set search and download timeouts
- Added visual feedback when deleting function cache
- Disabled subs4free.info</news>
    </extension>
</addon>