﻿<?xml version="1.0" encoding="UTF-8" standalone="yes"?>
<addon id="plugin.video.antenna.gr" version="1.1.2" name="ANT1 Player" provider-name="Twilight0">
	<requires>
		<import addon="xbmc.python" version="2.24.0" />
		<import addon="script.module.tulip" version="1.0.6" />
	</requires>
	<extension point="xbmc.python.pluginsource" library="addon.py">
		<provides>video</provides>
	</extension>
	<extension point="xbmc.addon.metadata">
		<summary lang="en">ANT1 Player addon for Kodi</summary>
		<description lang="en">ANT1 live and on-demand broadcasts</description>
		<description lang="el">Ζωνταντές και on demand υπηρεσίες του ANT1</description>
		<disclaimer lang="en">This addon offers content available in Greece and is not published nor endorsed by antenna.gr</disclaimer>
		<disclaimer lang="el">Το πρόσθετο αυτό προσφέρει περιεχόμενο διαθέσιμο στην Ελλάδα και δεν έχει δημοσιευθεί ούτε εγκριθεί από το antenna.gr</disclaimer>
		<license>GNU GENERAL PUBLIC LICENSE. Version 3, 29 June 2007</license>
		<!--<source></source>-->
		<website>http://www.antenna.gr/</website>
		<news>
[B]1.1.2[/B]
- Cosmetics

[B]1.1.1[/B]
- Rebased to utilize tulip libraries

[B]1.1.0[/B]
- Tweaked sections
- Added new add-on screenshots

[B]1.0.2[/B]
- Re-work of addon (new API)
- Re-work of artwork (new indent)

[B]1.0.1[/B]
- Code cosmetics

[B]1.0.0[/B]
- Initial version
		</news>
		<assets>
			<icon>icon.png</icon>
			<fanart>fanart.jpg</fanart>
			<screenshot>resources/screenshots/screenshot-01.jpg</screenshot>
			<screenshot>resources/screenshots/screenshot-02.jpg</screenshot>
			<screenshot>resources/screenshots/screenshot-03.jpg</screenshot>
		</assets>
		<platform>all</platform>
		<language>el</language>
		<!--<forum></forum>-->
		<!--<email></email>-->
	</extension>
</addon>