<?xml version="1.0" encoding="UTF-8" standalone="yes"?>
<addon id="plugin.video.faros.on-air" name="Faros On-Air" version="1.3.3" provider-name="Twilight0">
    <requires>
        <import addon="xbmc.addon" version="16.1.000"/>
        <import addon="plugin.video.youtube" version="6.8.2"/>
        <import addon="script.module.tulip" version="2.8.1"/>
    </requires>
    <extension point="xbmc.python.pluginsource" library="addon.py">
        <provides>video</provides>
    </extension>
    <extension point="xbmc.service" library="resources/lib/service.py" start="startup"/>
    <extension point="xbmc.addon.metadata">
        <platform>all</platform>
        <reuselanguageinvoker>false</reuselanguageinvoker>
        <summary lang="en">Faros On-Air addon</summary>
        <description lang="en">This addon features video content and Live stream from the PanCypriot channel Faros from Pafos, Cyprus</description>
        <summary lang="el">Πρόσθετο Faros On-Air</summary>
        <description lang="el">Το πρόσθετο αυτό παρέχει βίντεο, ειδήσεις και ζωντανό περιεχόμενο από το Πανκύπριο κανάλι Faros από την Πάφο της Κύπρου</description>
        <license>GNU GPL, version 3</license>
        <size>738082</size>
        <website>https://farosonair.com/</website>
        <source>https://github.com/Twilight0/plugin.video.faros.on-air</source>
    </extension>
    <!--<extension name="Faros On Air Repo" point="xbmc.addon.repository">-->
        <!--<info compressed="false">http://alivegr.net/repo/_faros/addons.xml</info>-->
        <!--<checksum>http://alivegr.net/repo/_faros/addons.xml.md5</checksum>-->
        <!--<datadir zip="true">http://alivegr.net/repo/_faros/</datadir>-->
        <!--<hashes>false</hashes>-->
        <!--<dir>-->
            <!--<info compressed="false">https://raw.githubusercontent.com/Twilight0/repo.twilight0.libs/master/_zips/addons.xml</info>-->
            <!--<checksum>https://raw.githubusercontent.com/Twilight0/repo.twilight0.libs/master/_zips/addons.xml.md5</checksum>-->
            <!--<datadir zip="true">https://raw.githubusercontent.com/Twilight0/repo.twilight0.libs/master/_zips/</datadir>-->
        <!--</dir>-->
    <!--</extension>-->
    <news>29-11-2020 - [B]1.3.2[/B]
- Update youtube api key

31-08-2020 - [B]1.3.1[/B]
- ReplaceHTML codes for listitems

29-06-2020 - [B]1.3.0[/B]
- New youtube api key
- Various other bug fixes

29-10-2019 - [B]1.2.0[/B]
- New stream urls
- Some other minor changes

15-09-2018 - [B]1.1.0[/B]
- Added the second live stream from Faros
- New nested menu for choosing Faros live stream</news>
    <assets>
        <icon>icon.png</icon>
        <fanart>fanart.jpg</fanart>
    </assets>
</addon>
