<?xml version="1.0" encoding="UTF-8" standalone="yes"?>
<addon id="plugin.video.AliveGR" name="AliveGR" version="2.6.4" provider-name="Twilight0">
    <requires>
        <import addon="xbmc.addon" version="18.0.000"/>
        <import addon="resource.images.alivegr.artwork" version="3.0.5"/>
        <import addon="resource.images.alivegr.logos" version="1.0.2"/>
        <import addon="script.module.resolveurl" version="5.1.18"/>
        <import addon="script.module.resolveurl.pluginsgr" version="0.0.5"/>
        <import addon="script.module.tulip" version="2.8.3"/>
        <import addon="plugin.video.youtube" version="6.8.8"/>
        <import addon="script.module.pyxbmct" version="1.3.0"/>
    </requires>
    <extension point="xbmc.python.pluginsource" library="main.py">
        <provides>video audio image executable</provides>
    </extension>
    <extension point="xbmc.addon.metadata">
        <platform>all</platform>
        <reuselanguageinvoker>false</reuselanguageinvoker>
        <summary lang="en">AliveGR addon for Kodi media center</summary>
        <description lang="en_GB">AliveGR is an addon allowing streaming content available mostly in Greek language.</description>
        <disclaimer lang="en_GB">AliveGR's author does not host, stream or distribute any of the content displayed inside this software and cannot be held responsible for the quality or availability of the listed streams.
On demand content is scraped from various websites and is freely available on the internet on public domains. This software acts only as a search engine.
Kindly note that AliveGR is not an official part of the media player you are running, and therefore not to be mentioned within official support channels, this addon has nothing to do with the media player itself, nor it’s intended use, it is simply a third party plugin which has been added to your system and it is provided "as is" with no warranty.</disclaimer>
        <summary lang="el_GR">AliveGR, Μικροεφαρμογή για το κέντρο πολυμέσων Kodi</summary>
        <description lang="el_GR">Το πρόσθετο AliveGR επιτρέπει την θέαση ροών με περιεχόμενο κυρίως εις την Ελληνική γλώσσα.</description>
        <disclaimer lang="el_GR">Ο δημιουργός του AliveGR δεν φιλοξενεί ή παρέχει οποιοδήποτε από τα απεικονιζόμενα πολυμέσα και περιεχόμένο εντός του μενού του και δεν μπορεί να θεωρηθεί υπεύθυνος για την ποιότητα ή την διαθεσιμότητα των ροών.
Το περιεχόμενο αναπαραγωγής κατά βούληση φιλτράρεται από διάφορες ιστοσελίδες ελεύθερα διαθέσιμες στο διαδίκτυο σε δημόσιους ιστότοπους. Το παρόν λογισμικό ενεργεί μόνο ως μηχανή αναζήτησης.
Παρακαλώ προσέξτε ότι το AliveGR δεν είναι επίσημο κομμάτι του αναπαραγωγέα πολυμέσων Kodi ή της καθορισμένης χρήσης του, είναι απλά μία μικροεφαρμογή που προστέθηκε στο σύστημά σας και που παρέχεται "όπως είναι" χωρίς καμία εγγύηση καλής λειτουργίας.</disclaimer>
        <language>en el</language>
        <license>GPL-3.0-only</license>
        <forum>https://github.com/Twilight0/plugin.video.AliveGR/issues</forum>
        <source>https://github.com/Twilight0/plugin.video.AliveGR</source>
        <website>https://alivegr.net/</website>
        <size>1200000</size>
        <news>+ [B]2.6.X[/B] [COLOR green]04-01-2021 - 27-01-2021[/COLOR]
- ResolveURL is no longer imported optionally
- Removed streamlink from dependencies and converted existing plugins for resolveurl usage
- Fix search function for movies
- Added sort methods for when pagination is enabled, because there is no proper way to control sort via Kodi's native method
- Check streams when random stream action is selected for smooth transition between items back to back playback (or pseudo live)
- Change priorities of the resolvers in the player module and have done some cleanup
- Removed host choice notification
- Fixed gamato kids indexer

+ [B]2.5.X[/B] [COLOR red]04-12-2020 - 06-12-2020[/COLOR]
- Reworked some modules
- Added pagination function
- Updated youtube api keys and tweaked its function for applying keys</news>
        <assets>
            <icon>resources/media/icon.png</icon>
            <fanart>resources/media/fanart.jpg</fanart>
            <screenshot>resources/media/main_menu.jpg</screenshot>
            <screenshot>resources/media/live_streams.jpg</screenshot>
            <screenshot>resources/media/movies.jpg</screenshot>
            <screenshot>resources/media/tv_series.jpg</screenshot>
            <screenshot>resources/media/networks.jpg</screenshot>
        </assets>
    </extension>
</addon>
