<?xml version="1.0" encoding="UTF-8" standalone="yes"?>
<addon id="service.subtitles.subtitles.gr" name="Subtitles.gr" version="1.2.5" provider-name="Twilight0">
	<requires>
		<import addon="xbmc.python" version="2.24.0"/>
		<import addon="script.module.tulip" version="1.0.7" />
	</requires>
	<extension point="xbmc.subtitle.module" library="service.py">
	</extension>
	<extension point="xbmc.addon.metadata">
		<summary lang="en">Subtitles.gr</summary>
		<description lang="en">Search and download subtitles from subtitles.gr, xsubs.tv and subztv.club</description>
		<description lang="el">Εύρεση και λήψη υποτίτλων από τα subtitles.gr, xsubs.tv και subztv.club</description>
		<disclaimer lang="en">This service is only for Greek subtitles and not published nor endorsed by subtitles.gr, xsubs.tv and subztv.club</disclaimer>
		<disclaimer lang="el">Υπηρεσία μόνο ελληνικών υποτίτλων που δεν έχει δημοσιευθεί ούτε εγκριθεί από τα subtitles.gr, xsubs.tv και subztv.club</disclaimer>
		<license>GNU GENERAL PUBLIC LICENSE. Version 3, 29 June 2007</license>
		<website>http://www.subtitles.gr/</website>
		<platform>all</platform>
		<language>el</language>
	</extension>
</addon>