<?xml version="1.0" encoding="UTF-8" standalone="yes"?>
<addon id="plugin.video.streamlink-tester" name="Streamlink Tester" version="1.4.4" provider-name="Twilight0">
    <requires>
        <import addon="xbmc.python" version="2.26.0"/>
        <import addon="script.module.tulip" version="2.3.7"/>
        <import addon="script.module.streamlink.base" version="2019.05.08"/>
    </requires>
    <extension point="xbmc.python.pluginsource" library="main.py">
        <provides>video</provides>
    </extension>
    <extension point="xbmc.addon.metadata">
        <platform>all</platform>
        <reuselanguageinvoker>false</reuselanguageinvoker>
        <summary lang="en">Streamlink and MPEG-DASH Tester</summary>
        <description lang="en_GB">This addon can play and test various video and audio content from various sources supported by Streamlink resolver library. It can also playback MPEG-DASH streams.</description>
        <disclaimer lang="en_GB">This addon does not provide any content, its sole purpose is to resolve web urls with the help of Streamlink resolver library</disclaimer>
        <language>en</language>
        <license>GNU GPL, version 2</license>
        <website>https://twitter.com/TwilightZer0</website>
        <source>https://github.com/Twilight0/plugin.video.streamlink-tester</source>
        <size>106257</size>
        <news>[B]1.4.4[/B] - 06-06-2019
- Various tweaks for efficiency

[B]1.4.3[/B] - 06-06-2019
- Added capability to load headers also from stream json object

[B]1.4.2[/B] - 05-06-2019
- Bug fixes
- Removal of possibly redundant headers
- Added setting to disable inputstream arguments

[B]1.4.1[/B] - 25-05-2019
- Added "set title and play" context menu item
- Various other tweaks

[B]1.4.0[/B] - 16-05-2019
- Minimum version 18.0 required (Leia)
- Various bug fixes</news>
        <assets>
            <icon>icon.png</icon>
        </assets>
    </extension>
</addon>
