<?xml version="1.0" encoding="UTF-8"?>
    <addon id="repository.twilight0" name="Twilight0 Addon Repository" version="1.0.0" provider-name="Twilight0">
        <extension point="xbmc.addon.repository" name="Twilight0 Addon Repository">
            <info compressed="false">http://raw.githubusercontent.com/Twilight0/repo.twilight0/_zips/master/addons.xml</info>
            <checksum>http://raw.githubusercontent.com/Twilight0/repo.twilight0/_zips/master/addons.xml.md5</checksum>
            <datadir zip="true">http://raw.githubusercontent.com/Twilight0/repo.twilight0/master/_zips/</datadir>
            <hashes>false</hashes>
        </extension>
        <extension point="xbmc.addon.metadata">
            <summary>Repository for various of my add-ons</summary>
            <description>Repository for various of my add-ons</description>
            <platform>all</platform>
    </extension>
</addon>