<?xml version="1.0" encoding="UTF-8" standalone="yes"?>
<addon id="service.subtitles.subtitles.gr" name="Subtitles.gr" version="3.0.2" provider-name="Twilight0">
    <requires>
        <import addon="xbmc.python" version="2.24.0"/>
        <import addon="script.module.tulip" version="2.4.2" />
    </requires>
    <extension point="xbmc.subtitle.module" library="service.py">
    </extension>
    <extension point="xbmc.addon.metadata">
        <reuselanguageinvoker>false</reuselanguageinvoker>
        <summary lang="en_GB">Subtitle service addon "subtitles.gr"</summary>
        <summary lang="en_GB">Υπηρεσιακό πρόσθετο υποτίτλων "subtitles.gr"</summary>
        <description lang="en_GB">Search and download subtitles from various sites</description>
        <description lang="el_GR">Εύρεση και λήψη υποτίτλων από διαφόρους ιστοτόπους</description>
        <disclaimer lang="en_GB">This service is only for Greek subtitles. It is not published nor endorsed by any of the sites supported</disclaimer>
        <disclaimer lang="el_GR">Υπηρεσία μόνο ελληνικών υποτίτλων. Δεν έχει δημοσιευθεί ούτε εγκριθεί από οποιοδήποτε υποστηριζόμενο ιστότοπο</disclaimer>
        <license>GNU GENERAL PUBLIC LICENSE. Version 3, 29 June 2007</license>
        <website>http://www.subtitles.gr/</website>
        <platform>all</platform>
        <language>el</language>
        <news>[B]3.0.X[/B]
- Removed subzxyz (subtitles were moved to opensubtitles.org)
- Bypassed subtitles.gr/findsubtitles.eu domain completely and removed its setting
- Added support for subs4free/subs4series, podnapisi
- Added boolean setting for each site supported
> disable for faster searches (subs4free disabled by default)
- Applied unicode ascii normalization
- Added setting to sort subs by either subtitle name, source, rating, downloads
- Results are now cached for two hours in order to reduce subsequent requests
- Improved debug logging
- Regex pattern tweaks for queries
- Performance tweaks
- Various other tweaks</news>
    </extension>
</addon>