<?xml version="1.0" encoding="UTF-8" standalone="yes"?>
<addon id="plugin.video.hng" name="Heroes and Generals" version="1.2.0" provider-name="Twilight0">
    <requires>
        <import addon="xbmc.python" version="2.24.0"/>
        <import addon="plugin.video.youtube" version="6.8.2"/>
        <import addon="script.module.tulip" version="2.6.1"/>
    </requires>
    <extension point="xbmc.python.pluginsource" library="addon.py">
        <provides>video</provides>
    </extension>
    <extension point="xbmc.addon.metadata">
        <platform>all</platform>
        <reuselanguageinvoker>false</reuselanguageinvoker>
        <summary lang="en">Heroes and Generals addon</summary>
        <description lang="en">This addon is not developed, nor endorsed by Reto-Moto ApS</description>
        <summary lang="el">Πρόσθετο Heroes and Generals</summary>
        <description lang="el">Το πρόσθετο αυτό δεν αναπτύσσεται ούτε αναγνωρίζεται από την Reto-Moto ApS</description>
        <license>GNU GPL, version 2 or later</license>
        <website>https://heroesandgenerals.com</website>
    </extension>
    <news>17-07-2018 - [B]1.2.0[/B]
- Utilize tulip libraries instead of local copies
- Bumped dependencies
- Increased limit to show more recent videos</news>
</addon>
