<?xml version="1.0" encoding="UTF-8" standalone="yes"?>
<addon id="plugin.video.Toronto-Channels" name="BCI Greek TV" version="2.4.0" provider-name="BCI Media Inc.">
    <requires>
        <import addon="xbmc.python" version="2.24.0"/>
        <import addon="plugin.video.youtube" version="6.4.0"/>
        <import addon="script.module.tulip" version="2.3.11"/>
    </requires>
    <extension point="xbmc.python.pluginsource" library="addon.py">
        <provides>video audio image</provides>
    </extension>
    <extension point="xbmc.addon.metadata">
        <platform>all</platform>
        <reuselanguageinvoker>false</reuselanguageinvoker>
        <summary lang="en">BCI Greek TV addon</summary>
        <description lang="en">This addon offers live streaming content mainly in Greek language</description>
        <summary lang="el">Πρόσθετο BCI Greek TV</summary>
        <description lang="el">Το πρόσθετο αυτό παρέχει ζωντανό περιεχόμενο κυρίως εις την Ελληνική γλώσσα</description>
        <license>GNU General Public License, v2</license>
        <news>2.4.0 (28-10-2019)
- Renamed menu item "Webcam" to "BCI 24 News"
- Removed some comments served as reserved code
- Made BCI news url also changeable to rtmp</news>
        <website>http://www.bcimedia.net/</website>
    </extension>
</addon>
