<?xml version="1.0" encoding="UTF-8" standalone="yes"?>
<addon id="service.subtitles.subtitles.gr" name="Subtitles.gr" version="1.5.2" provider-name="Twilight0">
	<requires>
		<import addon="xbmc.python" version="2.24.0"/>
		<import addon="script.module.tulip" version="2.2.4" />
	</requires>
	<extension point="xbmc.subtitle.module" library="service.py">
	</extension>
	<extension point="xbmc.addon.metadata">
		<reuselanguageinvoker>false</reuselanguageinvoker>
		<summary lang="en_GB">Subtitles.gr addon for subtitles</summary>
		<summary lang="en_GB">Πρόσθετο υποτίτλων Subtitles.gr</summary>
        <description lang="en_GB">Search and download subtitles from subtitles.gr, xsubs.tv and subz.xyz</description>
		<description lang="el_GR">Εύρεση και λήψη υποτίτλων από τα subtitles.gr, xsubs.tv και subz.xyz</description>
		<disclaimer lang="en_GB">This service is only for Greek subtitles and not published nor endorsed by subtitles.gr, xsubs.tv and subz.xyz</disclaimer>
		<disclaimer lang="el_GR">Υπηρεσία μόνο ελληνικών υποτίτλων που δεν έχει δημοσιευθεί ούτε εγκριθεί από τα subtitles.gr, xsubs.tv και subz.xyz</disclaimer>
		<license>GNU GENERAL PUBLIC LICENSE. Version 3, 29 June 2007</license>
		<website>http://www.subtitles.gr/</website>
		<platform>all</platform>
		<language>el</language>
		<news>
[B]1.5.X[/B]
- Fixed subz.xyz (by not loading the xbmcvfs module through kodi_six)
- Subtitles search can also be performed via listitem query (useful when searching via context menu)
- Tweaked string formatting on all modules
- Added Python 3 compatibility (not yet tested)
- Implemented capability to select subtitle from rar archives that have multiple subtitles (up to second subdirectory level)
- Bump dependencies
		</news>
	</extension>
</addon>