<?xml version="1.0" encoding="UTF-8" standalone="yes"?>
<addon id="plugin.audio.tuneinradio" name="TuneIn Radio" version="3.0.2" provider-name="brianhornsby">
	<requires>
		<import addon="xbmc.python" version="2.1.0"/>
		<import addon="script.module.simplejson" version="2.0.10"/>
	</requires>
	<extension point="xbmc.python.pluginsource" library="default.py">
		<provides>audio</provides>
	</extension>
	<extension point="xbmc.addon.metadata">
		<platform>all</platform>
		<summary lang="bg">Радио TuneIn</summary>
		<summary lang="de">TuneIn Radio</summary>
		<summary lang="el">Ραδιόφωνο TuneIn</summary>
		<summary lang="en">TuneIn Radio</summary>
		<summary lang="es">TuneIn Radio</summary>
		<summary lang="ru">Радио TuneIn</summary>
		<summary lang="zh_TW">TuneIn 收音機</summary>	
		<description lang="bg">Радио TuneIn е безплатна услуга, която ви позволява да слушате всичко, независимо къде се намирате. Каквото желаете - музика, спорт или новини. Радио TuneIn предлага над 50 000 станции от които да избирате. Можете да намерите местните станции или да откриете нови станции от целия свят. Радио TuneIn ви отвежда точно където желаете да сте.</description>
		<description lang="de">TuneIn Radio ist ein kostenloser Service, mit dem Sie alles in der Welt, wo immer Sie sind, hören können. Ob Sie Musik, Sport, Nachrichten oder aktuelle Ereignisse hören wollen. TuneIn Radio hält über 50.000 Sender für Sie bereit. Von der Suche nach lokalen Sender, bis zum entdecken neue Sender aus der ganzen Welt. TuneIn Radio bringt Sie, wohin sie wollen.</description>
		<description lang="el">Το ραδιόφωνο TuneIn είναι μία δωρεάν υπηρεσία το οποίο σας επιτρέπει να ακούτε οποιοδήποτε σταθμό από όλο τον κόσμο, από όπου και αν βρίσκεστε. Ακόμη και αν θέλετε να ακούσετε μουσική, αθλητικά γεγονότα, ειδήσεις και άλλα γεγονότα, το ραδιόφωνο TuneIn προσφέρει πάνω από 50.000 σταθμούς για εσάς να διαλέξετε. Είτε θέλετε να ακούσετε τοπικούς σταθμούς είτε να ανακαλύψετε νέους από όλο τον κόσμο, το ραδιόφωνο TuneIn σας πηγαίνει όπου θελήσετε να βρεθείτε.</description>
		<description lang="en">TuneIn Radio is a free service that lets you listen to anything in the world from wherever you are. Whether you want to hear music, sports, news or current events. TuneIn Radio offers over 50,000 stations for you to choose from. From finding local stations to discovering new stations from around the world, TuneIn Radio brings you to where you want to be.</description>
		<description lang="es">TuneIn Radio es un servicio gratuito que le permite escuchar cualquier cosa, de cualquier parte del mundo y desde donde quiera que usted se encuentre. Tanto si desea escuchar música, deportes, noticias o los últimos acontecimientos. TuneIn Radio le ofrece más de 50.000 emisoras entre las que elegir. Desde emisoras locales hasta las nuevas emisoras que aparecen por todo el mundo. TuneIn Radio le lleva allí donde quiera estar.</description>
		<description lang="ru">Радио TuneIn является бесплатным сервисом, который позволяет Вам слушать все, независимо от того, где Вы находитесь. Все, что пожелаете - музыка, спорт или новости. Радио TuneIn предлагает более 50 000 станций на выбор. От поиска локальных станций до открытия новых станций по всему миру. Радио TuneIn перенесет вас куда пожелаете.</description>
		<description lang="zh_TW">TuneIn 收音機是一項免費的串流服務，無論你身處世界任何地方都能讓您收聽到任何內容。盡管您要收聽的是音樂、體育、新聞、或時事節目。 TuneIn 收音機提供了超過 50,000 個電台任您選擇。由搜尋本地電台至發掘世界各地新的電台，TuneIn 收音機都能帶你去到你要去的地方。</description>
		<language></language>
		<license>GNU GENERAL PUBLIC LICENSE. Version 3, 29 June 2007</license>
		<forum>http://forum.kodi.tv/showthread.php?tid=119315</forum>
		<website>http://brianhornsby.com/kodi_addons/tuneinradio</website>
		<source>https://github.com/brianhornsby/plugin.audio.tuneinradio</source>
	</extension>
</addon>
