<?xml version="1.0" encoding="UTF-8" standalone="yes"?>
<addon id="plugin.program.yt-setup" name="Youtube Setup" version="2.1.0" provider-name="Twilight0">
    <requires>
        <import addon="xbmc.python" version="2.24.0"/>
        <import addon="plugin.video.youtube" version="6.8.3"/>
        <import addon="script.module.tulip" version="2.6.11"/>
    </requires>
    <extension point="xbmc.python.pluginsource" library="addon.py">
        <provides>executable</provides>
    </extension>
    <extension point="xbmc.addon.metadata">
        <platform>all</platform>
        <summary lang="en_GB">Youtube Setup program addon</summary>
        <description lang="en_GB">This addon will help you setup Youtube api keys.</description>
        <disclaimer lang="en_GB">This addon is provided "as is". Please read LICENCE for more details.</disclaimer>
        <summary lang="el_GR">Βοηθητικό πρόσθετο ρύθμισης Youtube</summary>
        <description lang="el_GR">Το πρόσθετο αυτό θα σας βοηθήσει να ρυθμίσετε τα κλειδιά API του Youtube.</description>
        <disclaimer lang="el_GR">Το παρόν πρόσθετο παρέχεται "όπως είναι". Παρακαλώ διαβάστε το αρχείο LICENCE για περισσότερες λεπτομέρειες.</disclaimer>
        <summary lang="ru_RU">Программное дополнение Youtube Setup</summary>
        <description lang="ru_RU">Это дополнение поможет вам установить api-ключи для Youtube.</description>
        <disclaimer lang="ru_RU">Это дополнение поставляется "как есть". Пожалуйста, ознакомьтесь с лицензией для дополнительной информации.</disclaimer>
        <summary lang="es_ES">Complemento de configuración para Youtube</summary>
        <description lang="es_ES">Este complemento le ayudará a configurar las claves de la API del complemento Youtube.</description>        
        <license>GNU GPL, version 2</license>
        <website>https://twitter.com/TwilightZer0</website>
        <source>https://github.com/Twilight0/plugin.program.yt-setup</source>
        <news>[B]+ 2.1.0[/B] ~ (07-08-2020)
- Add support for paste.osmc.tv
- Added hindi support (contrib: spyderboy92)
- Added swedish support (contrib: Sopor)
- Clean up

[B]+ 2.0.2[/B] ~ (22-04-2020)
- Minor tweak for yesno dialog (for Kodi 19)

[B]+ 2.0.1[/B] ~ (22-04-2020)
- Added the following translations:
  > German: thanks to horstle
  > Spanish: thanks to roliverosc

[B]+ 2.0.0[/B] ~ (06-04-2020)
- Proper Python 3 support
- Added support for hastebin.com
- Simplified setup function
- Removed "youtube.api.enable" setting for post 6.7.0 youtube addon versions
- Added support for google's client.json file from the credentials screen
  > If api_key is not found in the json file, youtube setup will ask to be entered manually
  > You can enter it in the file prior to the setup just by adding an additional key, see client.json example
- Added the following translations:
  > Romanian: thanks to tmihai20
  > Dutch: thanks to dagwieers
  > Russian: thanks to vlmaksime
- Bug fixes</news>
        <assets>
            <icon>icon.png</icon>
            <fanart>fanart.jpg</fanart>
        </assets>
    </extension>
</addon>
