<?xml version="1.0" encoding="UTF-8" standalone="yes"?>
<addon id="plugin.video.streamlink-tester" name="Streamlink Tester" version="1.5.3" provider-name="Twilight0">
    <requires>
        <import addon="xbmc.python" version="2.26.0"/>
        <import addon="script.module.tulip" version="2.5.10"/>
        <import addon="script.module.streamlink.base" version="2020.02.22"/>
        <import addon="script.module.youtube.dl" version="18.619.0" optional="true"/>
    </requires>
    <extension point="xbmc.python.pluginsource" library="main.py">
        <provides>video</provides>
    </extension>
    <extension point="xbmc.addon.metadata">
        <platform>all</platform>
        <reuselanguageinvoker>false</reuselanguageinvoker>
        <summary lang="en">Streamlink and MPEG-DASH Tester</summary>
        <description lang="en_GB">This addon can play and test various video and audio content from various sources supported by Streamlink resolver library. It can also playback MPEG-DASH streams.</description>
        <disclaimer lang="en_GB">This addon does not provide any content, its sole purpose is to resolve web urls with the help of Streamlink resolver library</disclaimer>
        <language>en</language>
        <license>GNU GPL, version 2</license>
        <website>https://twitter.com/TwilightZer0</website>
        <source>https://github.com/Twilight0/plugin.video.streamlink-tester</source>
        <size>106257</size>
        <news>[B]1.5.3[/B] - 01-03-2020
- Some logging tweaks

[B]1.5.2[/B] - 11-11-2019
- Enhanced context menu items
- Added sleep when doing file operations (useful for slower devices)
- Bug fixes, mostly player related

[B]1.5.1[/B] - 23-08-2019
- Add exception to headers object loop finder in case it fails

[B]1.5.0[/B] - 20-06-2019
- Updated generic plugin (thank you back-to)
- Added youtube-dl as optional dependency to augment the generic plugin
- Added ability to set custom title from plugin url
- Added ability to set custom thumbnail from plugin url (as "image" parameter)</news>
        <assets>
            <icon>icon.png</icon>
        </assets>
    </extension>
</addon>
