﻿<?xml version="1.0" encoding="UTF-8" standalone="yes"?>
<addon id="plugin.video.alphatv.gr" version="1.1.5" name="ALPHA Player" provider-name="Twilight0">
	<requires>
		<import addon="xbmc.python" version="2.24.0" />
		<import addon="script.module.tulip" version="1.2.6" />
		<import addon="plugin.video.youtube" version="5.4.0" optional="true" />
	</requires>
	<extension point="xbmc.python.pluginsource" library="addon.py">
		<provides>video</provides>
	</extension>
	<extension point="xbmc.addon.metadata">
		<summary lang="en_GB">ALPHA Player addon for Kodi</summary>
		<summary lang="en_GR">Πρόσθετο ALPHA Player για το Kodi</summary>
		<description lang="en_GB">ALPHA live and on-demand broadcasts</description>
		<description lang="el_GR">Ζωντανές και on demand υπηρεσίες του ALPHA</description>
		<disclaimer lang="en_GB">This addon offers content available in Greece and is not published nor endorsed by alphatv.gr</disclaimer>
		<disclaimer lang="el_GR">Το πρόσθετο αυτό προσφέρει περιεχόμενο διαθέσιμο στην Ελλάδα και δεν έχει δημοσιευθεί ούτε εγκριθεί από το alphatv.gr</disclaimer>
		<license>GNU GENERAL PUBLIC LICENSE. Version 3, 29 June 2007</license>
		<source>https://github.com/Twilight0/plugin.video.alphatv.gr</source>
		<website>http://www.alphatv.gr/</website>
        <size>598620</size>
		<news>
[B]1.1.5[/B]
- Added spoofed UA for live streams

[B]1.1.4[/B]
- Code cosmetics

[B]1.1.3[/B]
- Minor regex fix on live resolver
- Code cosmetics

[B]1.1.2[/B]
- Minor fix on live resolver
- Code cosmetics

[B]1.1.1[/B]
- Rebased to use tulip libraries

[B]1.1.0[/B]
- Re-work of main menu
- Added sections for ALPHA CYPRUS
- Fixed all issues related with web site changes
- Added add-on screenshots

[B]1.0.2[/B]
- Fixed issue with tv shows
- Fixed issue with archive
- Tweaked live stream

[B]1.0.1[/B]
- Filter previews of episodes
- Code cosmetics

[B]1.0.0[/B]
- Initial version
		</news>
		<assets>
			<icon>icon.png</icon>
			<fanart>fanart.jpg</fanart>
			<screenshot>resources/screenshots/screenshot-01.jpg</screenshot>
			<screenshot>resources/screenshots/screenshot-02.jpg</screenshot>
			<screenshot>resources/screenshots/screenshot-03.jpg</screenshot>
		</assets>
		<platform>all</platform>
		<language>en el</language>
		<forum></forum>
		<email></email>
	</extension>
</addon>