﻿<?xml version="1.0" encoding="UTF-8" standalone="yes"?>
<addon id="plugin.video.skai.gr" version="1.3.1" name="SKAI Player" provider-name="Twilight0">
    <requires>
        <import addon="xbmc.python" version="2.24.0" />
        <import addon="script.module.tulip" version="2.0.21" />
        <import addon="plugin.video.youtube" version="6.1.4"/>
    </requires>
    <extension point="xbmc.python.pluginsource" library="addon.py">
        <provides>video audio</provides>
    </extension>
    <extension point="xbmc.addon.metadata">
        <summary lang="en_GB">SKAI Player addon for Kodi</summary>
        <summary lang="en_GR">Πρόσθετο SKAI Player για το Kodi</summary>
        <description lang="en_GB">SKAI live and on-demand broadcasts</description>
        <description lang="el_GR">Ζωντανές και on demand υπηρεσίες του SKAI</description>
        <disclaimer lang="en_GB">This addon offers content available in Greece and is not published nor endorsed by skai.gr</disclaimer>
        <disclaimer lang="el_GR">Το πρόσθετο αυτό προσφέρει περιεχόμενο διαθέσιμο στην Ελλάδα και δεν έχει δημοσιευθεί ούτε εγκριθεί από το skai.gr</disclaimer>
        <language>en el</language>
        <license>GNU GENERAL PUBLIC LICENSE. Version 3, 29 June 2007</license>
        <source>https://github.com/Twilight0/plugin.video.skai.gr</source>
        <website>http://www.skai.gr/</website>
        <size>605810</size>
        <news>
[B]1.3.1[/B]
- Updated live resolver
- Bumped dependencies

[B]1.3.0[/B]
- Merged Hebrew translation thanks to "Eng2Heb" member
- Utilizing youtube resolver for both Live &amp; VOD streams
- Cosmetics</news>
        <assets>
            <icon>icon.png</icon>
            <fanart>fanart.jpg</fanart>
            <screenshot>resources/screenshots/screenshot-01.jpg</screenshot>
            <screenshot>resources/screenshots/screenshot-02.jpg</screenshot>
            <screenshot>resources/screenshots/screenshot-03.jpg</screenshot>
        </assets>
        <platform>all</platform>
        <language>en el</language>
        <!--<forum></forum>-->
        <!--<email></email>-->
    </extension>
</addon>