<?xml version="1.0" encoding="UTF-8" standalone="yes"?>
<addon id="plugin.audio.somafm.com" name="SomaFM Radio" version="3.0.0~alpha1" provider-name="Twilight0">
    <requires>
        <import addon="xbmc.python" version="2.24.0"/>
        <import addon="script.module.tulip" version="2.6.11"/>
        <import addon="script.module.html2text"/>
    </requires>
    <extension point="xbmc.python.pluginsource" library="addon.py">
        <provides>audio</provides>
    </extension>
    <extension point="xbmc.addon.metadata">
        <platform>all</platform>
        <summary lang="en_GB">SomaFM music addon</summary>
        <description lang="en_GB">What exactly is SomaFM? We're a listener-supported, commercial-free internet-only radio station. This means no advertising or annoying commercial interruptions. Our mission is to search out and expose great new music to people who otherwise may never encounter it. Over 20 unique channels of listener-supported, commercial-free, underground/alternative radio broadcasting from San Francisco. All music hand-picked by SomaFM's award-winning DJs and music directors. Please consider donating at https://somafm.com to keep this service alive!Please consider donating by visiting http://somafm.com</description>
        <summary lang="el_GR">Πρόσθετο μουσικής SomaFM</summary>
        <description lang="el_GR">Το ραδιόφωνο SomaFM είναι μια υπηρεσία μουσικής και ραδιοφώνου που υποστηρίζεται πλήρως από τους ακροατές της. Παρακαλώ επισκευθείτε την σελίδα http://somafm.com και πραγματοποιήστε μία δωρεά για την υποστήριξη της υπηρεσίας.</description>
        <disclaimer lang="en_GB">This addon is not developed nor endorsed by SomaFM webmasters/authors/owners/directors</disclaimer>
        <disclaimer lang="el_GR">Η παρούσα μικροεφαρμογή δεν αναπτύσεται ούτε έχει εγκριθεί από τους διαχειριστές/υπεύθυνους/ιδιοκτήτες της υπηρεσίας SomaFM.</disclaimer>
        <license>GPL-3.0-only</license>
        <website>https://somafm.com</website>
        <news>3.0.0 (13-08-2020)
- Add compatibility for Python 3
- Rework of some modules</news>
    </extension>
</addon>