﻿<?xml version="1.0" encoding="UTF-8" standalone="yes"?>
<addon id="plugin.video.star.gr" version="1.2.3" name="STAR Player" provider-name="Twilight0">
	<requires>
		<import addon="xbmc.python" version="2.24.0" />
		<import addon="script.module.tulip" version="1.2.2" />
		<import addon="plugin.video.youtube" version="5.4.0"/>
	</requires>
	<extension point="xbmc.python.pluginsource" library="addon.py">
		<provides>video</provides>
	</extension>
	<extension point="xbmc.addon.metadata">
		<summary lang="en_GB">STAR Player addon for Kodi</summary>
        <summary lang="en_GR">Πρόσθετο STAR Player για το Kodi</summary>
		<description lang="en_GB">STAR live and on-demand broadcasts</description>
		<description lang="el_GR">Ζωντανές και on demand υπηρεσίες του STAR</description>
		<disclaimer lang="en_GB">This addon offers content available in Greece and is not published nor endorsed by star.gr</disclaimer>
		<disclaimer lang="el_GR">Το πρόσθετο αυτό προσφέρει περιεχόμενο διαθέσιμο στην Ελλάδα και δεν έχει δημοσιευθεί ούτε εγκριθεί από το star.gr</disclaimer>
		<license>GNU GENERAL PUBLIC LICENSE. Version 3, 29 June 2007</license>
		<source>https://github.com/Twilight0/plugin.video.star.gr</source>
		<website>http://www.star.gr/</website>
		<size>238009</size>
		<news>
[B]1.2.3[/B]
- Added Live stream

[B]1.2.2[/B]
- Cosmetics
- Various tweaks in addon.xml

[B]1.2.1[/B]
- Fixed playback for youtube, web tv videos
- Made youtube addon mandatory

[B]1.2.0[/B]
- Added Web TV section
- Added context menu with clear cache function (root menu only)
- Misc code tweaks here &amp; there

[B]1.1.1[/B]
- Rebased to utilize tulip libraries

[B]1.1.0[/B]
- Tweaked sections
- Added add-on screenshots

[B]1.0.0[/B]
- Initial version
		</news>
		<assets>
			<icon>icon.png</icon>
			<fanart>fanart.jpg</fanart>
		</assets>
		<platform>all</platform>
		<language>en el</language>
		<!--<forum></forum>-->
		<!--<email></email>-->
	</extension>
</addon>