﻿<?xml version="1.0" encoding="UTF-8" standalone="yes"?>
<addon id="plugin.video.ert.gr" version="3.0.0~beta10" name="ERTflix" provider-name="Twilight0">
    <requires>
        <import addon="xbmc.python" version="2.24.0" />
        <import addon="script.module.tulip" version="2.6.11" />
        <import addon="plugin.video.youtube" version="6.8.2"/>
    </requires>
    <extension point="xbmc.python.pluginsource" library="addon.py">
        <provides>video audio</provides>
    </extension>
    <extension point="kodi.context.item">
        <menu id="kodi.core.main">
            <label>30006</label>
            <item library="resources/lib/youtube_bookmark.py">
                <label>30006</label>
                <visible>
                    String.StartsWith(Container.FolderPath,plugin://plugin.video.youtube/channel/UC0jVU-mK53vDQZcSZB5mVHg/) +
                    !String.Contains(ListItem.Art(thumb),resources/media) +
                    !String.Contains(ListItem.FolderPath,page_token)
                </visible>
            </item>
        </menu>
    </extension>
    <extension point="xbmc.addon.metadata">
        <platform>all</platform>
        <reuselanguageinvoker>false</reuselanguageinvoker>
        <language>en el</language>
        <summary lang="en_GB">ERTflix addon for Kodi</summary>
        <summary lang="el_GR">Πρόσθετο ERTflix για το Kodi</summary>
        <description lang="en_GB">ERT live and on-demand broadcasts</description>
        <description lang="el_GR">Ζωντανές και on demand υπηρεσίες της ΕΡΤ</description>
        <disclaimer lang="en_GB">This addon offers content available in Greece and is not published nor endorsed by ert.gr</disclaimer>
        <disclaimer lang="el_GR">Το πρόσθετο αυτό προσφέρει περιεχόμενο διαθέσιμο στην Ελλάδα και δεν έχει δημοσιευθεί ούτε εγκριθεί από το ert.gr</disclaimer>
        <license>GPL-3.0-only</license>
        <source>https://github.com/Twilight0/plugin.video.ert.gr</source>
        <size>399800</size>
        <website>https://www.ertflix.gr/</website>
        <news>[B]3.0.0[/B]
- Reworked addon for new website design
- New artwork
- Renamed to ERTflix
- Updated resolver
- Reworked strings.po to be in range 30000+
- Removed weather menu item as content is not present on the main website
- Removed Hebrew translation (it hasn't been updated properly for long time)
- Bumped dependencies

[B]2.0.4[/B]
- Minor tweak to prioritize Greek live stream over worldwide one

[B]2.0.3[/B]
- Fix live resolver

[B]2.0.2[/B]
- Non-playable items will now inform user of their availability

[B]2.0.0[/B]
- Rework of most aspects and sections of the addon
- Revamped sports section
- Categories list is now populated from different source (index)
- Added movies and tv series section
- Tweaked resolvers</news>
        <assets>
            <icon>icon.png</icon>
            <fanart>fanart.jpg</fanart>
        </assets>
        <!--<forum></forum>-->
    </extension>
</addon>