﻿<?xml version="1.0" encoding="UTF-8" standalone="yes"?>
<addon id="plugin.video.alphatv.gr" version="2.2.0" name="ALPHA Player" provider-name="Twilight0">
	<requires>
		<import addon="xbmc.addon" version="16.1.000"/>
		<import addon="script.module.tulip" version="2.8.1" />
		<import addon="script.module.kodi-six" version="0.0.2"/>
	</requires>
	<extension point="xbmc.python.pluginsource" library="addon.py">
		<provides>video</provides>
	</extension>
	<extension point="xbmc.addon.metadata">
		<summary lang="en_GB">ALPHA Player addon for Kodi</summary>
		<summary lang="en_GR">Πρόσθετο ALPHA Player για το Kodi</summary>
		<description lang="en_GB">ALPHA live and on-demand broadcasts</description>
		<description lang="el_GR">Ζωντανές και on demand υπηρεσίες του ALPHA</description>
		<disclaimer lang="en_GB">This addon offers content available in Greece and is not published nor endorsed by alphatv.gr</disclaimer>
		<disclaimer lang="el_GR">Το πρόσθετο αυτό προσφέρει περιεχόμενο διαθέσιμο στην Ελλάδα και δεν έχει δημοσιευθεί ούτε εγκριθεί από το alphatv.gr</disclaimer>
		<license>GPL-3.0-only</license>
		<source>https://github.com/Twilight0/plugin.video.alphatv.gr</source>
		<website>http://www.alphatv.gr/</website>
        <size>598620</size>
		<news>[B]2.2.0[/B]
- Add pagination for long lists (# items per page are selectable)
- Tweaked strings integers
- Tweaked imports for Matrix
- Updated youtube api key
- Episode order in now by default reversed (greek website provides new episodes on top)
- Various other tweaks

[B]2.1.0[/B]
- Update youtube api key
- Update indexers
- Update resolvers
- Add input date prompt for past webtv news on cypriot indexer

[B]2.0.1[/B]
- Minor fix for cypriot episode indexers

[B]2.0.0[/B]
- Rework of the addon, new indexers, new stream resolver
- Replaced item based selection of country with a selector to switch between regions
- Bumped dependencies</news>
		<assets>
			<icon>icon.png</icon>
			<fanart>fanart.jpg</fanart>
<!--			<screenshot>resources/screenshots/screenshot-01.jpg</screenshot>-->
<!--			<screenshot>resources/screenshots/screenshot-02.jpg</screenshot>-->
<!--			<screenshot>resources/screenshots/screenshot-03.jpg</screenshot>-->
		</assets>
		<platform>all</platform>
		<language>en el</language>
	</extension>
</addon>