<?xml version="1.0" encoding="UTF-8" standalone="yes"?>
<addon id="resource.images.greekvoice.artwork" version="1.0.0" name="Greek Voice Artwork" provider-name="Twilight0">
	<requires>
		<import addon="kodi.resource" version="1.0.0"/>
	</requires>
	<extension point="xbmc.addon.metadata">
		<summary>Artwork for the Greek Voice Addon</summary>
		<description>Artwork for Greek Voice is maintained separately to make distribution of the the addon itself easier/faster.</description>
        <disclaimer>Icon theme provided by Greek Voice TV administrator</disclaimer>
		<platform>all</platform>
	</extension>
</addon>
